count,loss
100,0.10189865529537201
200,0.07707532495260239
300,0.2696167528629303
400,0.8705075979232788
500,0.2900264859199524
600,0.42616310715675354
700,0.2718077003955841
800,0.1406383067369461
900,0.12678518891334534
1000,0.09081010520458221
1100,0.27564844489097595
1200,0.18857857584953308
1300,0.04676412418484688
1400,0.4361027777194977
1500,0.015580825507640839
1600,0.05002386122941971
1700,0.028053538873791695
1800,0.027413103729486465
1900,0.025566382333636284
2000,0.02596224658191204
2100,0.12024751305580139
2200,0.04791667312383652
2300,0.09568215161561966
2400,0.041314300149679184
2500,0.08611761033535004
2600,0.01280899252742529
2700,0.04192347079515457
2800,0.06821684539318085
2900,0.013027814216911793
3000,0.060426004230976105
3100,0.053848519921302795
3200,0.021009519696235657
3300,0.03861628845334053
3400,0.027844002470374107
3500,0.06478394567966461
3600,0.07255439460277557
3700,0.02344532310962677
3800,0.015399642288684845
3900,0.022846758365631104
4000,0.05753885954618454
4100,0.012849749997258186
4200,0.06800320744514465
4300,0.019506173208355904
4400,0.03516816720366478
4500,0.03257030248641968
4600,0.00872497633099556
4700,0.011201480403542519
4800,0.032034121453762054
4900,0.024143582209944725
5000,0.019045215100049973
5100,0.014810813590884209
5200,0.06945706158876419
5300,0.02172670140862465
5400,0.02133765257894993
5500,0.017341995611786842
5600,0.02912513166666031
5700,0.01608407124876976
5800,0.03713114559650421
5900,0.02860955521464348
6000,0.01728689856827259
6100,0.0390888974070549
6200,0.014672399498522282
6300,0.011808766052126884
6400,0.005312777124345303
6500,0.027587592601776123
6600,0.020728496834635735
6700,0.010715600103139877
6800,0.02039368450641632
6900,0.014768579974770546
7000,0.03116913139820099
7100,0.11524096876382828
7200,0.028831424191594124
7300,0.02886308915913105
7400,0.013816810213029385
7500,0.008795371279120445
7600,0.007788181770592928
7700,0.008852643892168999
7800,0.03194103762507439
7900,0.019358603283762932
8000,0.009632986038923264
8100,0.005581431090831757
8200,0.02025270089507103
8300,0.011975528672337532
8400,0.010789329186081886
8500,0.03867759928107262
8600,0.012894957326352596
8700,0.017436174675822258
8800,0.01409207470715046
8900,0.012639885768294334
9000,0.009016119875013828
9100,0.012212362140417099
9200,0.10319211333990097
9300,0.0293893925845623
9400,0.020237619057297707
9500,0.0135445985943079
9600,0.016497300937771797
9700,0.012306776829063892
9800,0.011709295213222504
9900,0.01230645552277565
10000,0.016017956659197807
10100,0.0414753295481205
10200,0.01658288575708866
10300,0.014802876859903336
10400,0.024567969143390656
10500,0.027366530150175095
10600,0.013504069298505783
10700,0.03390564024448395
10800,0.016687734052538872
10900,0.014739852398633957
11000,0.015927091240882874
11100,0.011053415946662426
11200,0.02664702758193016
11300,0.14011280238628387
11400,0.0327371209859848
11500,0.00814095325767994
11600,0.026623303070664406
11700,0.014229556545615196
11800,0.012931493110954762
11900,0.012115038000047207
12000,0.013739094138145447
12100,0.06963249295949936
12200,0.022708429023623466
12300,0.00717118987813592
12400,0.013448458164930344
12500,0.02379472739994526
12600,0.025202184915542603
12700,0.010717497207224369
12800,0.05091361701488495
12900,0.0191420279443264
13000,0.012957681901752949
13100,0.019114356487989426
13200,0.009987971745431423
13300,0.0073623969219625
13400,0.01283096894621849
13500,0.023326151072978973
13600,0.015170333907008171
13700,0.0338083878159523
13800,0.02047691121697426
13900,0.013288283720612526
14000,0.010485515929758549
14100,0.011738914996385574
14200,0.023969346657395363
14300,0.008765161968767643
14400,0.004566782154142857
14500,0.009470568038523197
14600,0.018428867682814598
14700,0.0170518197119236
14800,0.01746543124318123
14900,0.019191306084394455
15000,0.0343039333820343
15100,0.0271821990609169
15200,0.015718132257461548
15300,0.01698577217757702
15400,0.020503848791122437
15500,0.0030087237246334553
15600,0.016625259071588516
15700,0.008733769878745079
15800,0.0781850591301918
15900,0.012361805886030197
16000,0.010080749168992043
16100,0.004452270455658436
16200,0.009264029562473297
16300,0.008692356757819653
16400,0.022417215630412102
16500,0.0069931671023368835
16600,0.021923106163740158
16700,0.10184311121702194
16800,0.1600186824798584
16900,0.009149525314569473
17000,0.013244559057056904
17100,0.016303837299346924
17200,0.01474661473184824
17300,0.01681407541036606
17400,0.0058167171664536
17500,0.006561818532645702
17600,0.013126427307724953
17700,0.013454802334308624
17800,0.016661033034324646
17900,0.016879308968782425
18000,0.025223396718502045
18100,0.01884259656071663
18200,0.019230853766202927
18300,0.01540333777666092
18400,0.0236545167863369
18500,0.025118373334407806
18600,0.008854571729898453
18700,0.03677733615040779
18800,0.01881534233689308
18900,0.011796877719461918
19000,0.005837780423462391
19100,0.01599859446287155
19200,0.11195560544729233
19300,0.012332255020737648
19400,0.010895532555878162
19500,0.01238759234547615
19600,0.01156528852880001
19700,0.008156517520546913
19800,0.01575363054871559
19900,0.004530392587184906
20000,0.01541003119200468
20100,0.020345162600278854
20200,0.018379636108875275
20300,0.011099610477685928
20400,0.011932658031582832
20500,0.012003659270703793
20600,0.01671726256608963
20700,0.018780417740345
20800,0.009328197687864304
20900,0.02655872516334057
21000,0.006184480618685484
21100,0.006561375223100185
21200,0.02185477316379547
21300,0.009258158504962921
21400,0.017421094700694084
21500,0.008734419010579586
21600,0.036225803196430206
21700,0.028442595154047012
21800,0.005574229173362255
21900,0.005095943342894316
22000,0.005409042350947857
22100,0.01297498494386673
22200,0.005851415917277336
22300,0.01342909038066864
22400,0.010833298787474632
22500,0.004819379188120365
22600,0.010146820917725563
22700,0.010416857898235321
22800,0.017163516953587532
22900,0.013035560958087444
23000,0.011441530659794807
23100,0.05136236548423767
23200,0.019929809495806694
23300,0.0175764262676239
23400,0.010734186507761478
23500,0.007865892723202705
23600,0.008823568001389503
23700,0.00684559578076005
23800,0.016358358785510063
23900,0.009229130111634731
24000,0.009118761867284775
24100,0.010893416590988636
24200,0.015562865883111954
24300,0.014237327501177788
24400,0.011496786028146744
24500,0.07745887339115143
24600,0.022609636187553406
24700,0.011392101645469666
24800,0.004747524857521057
24900,0.019134651869535446
25000,0.004553650505840778
25100,0.00785726960748434
25200,0.012780631892383099
25300,0.012477096170186996
25400,0.011533847078680992
25500,0.007738054264336824
25600,0.004225132521241903
25700,0.010989204049110413
25800,0.026140887290239334
25900,0.017916951328516006
26000,0.010334724560379982
26100,0.005416686646640301
26200,0.011057705618441105
26300,0.011114516295492649
26400,0.00633226428180933
26500,0.009188630618155003
26600,0.005416126921772957
26700,0.031171174719929695
26800,0.00953783467411995
26900,0.010315370745956898
27000,0.024133464321494102
27100,0.019873838871717453
27200,0.012649149633944035
27300,0.011388091370463371
27400,0.005729274824261665
27500,0.009691894054412842
27600,0.0218915194272995
27700,0.3437543213367462
27800,0.007425945717841387
27900,0.0074324882589280605
28000,0.017895542085170746
28100,0.014215251430869102
28200,0.010308684781193733
28300,0.00713710580021143
28400,0.0051810164004564285
28500,0.0138927660882473
28600,0.004344570450484753
28700,0.009533501230180264
28800,0.01933915540575981
28900,0.006244009360671043
29000,0.016615545377135277
29100,0.007565448526293039
29200,0.01634800434112549
29300,0.006055375095456839
29400,0.012403280474245548
29500,0.01967204362154007
29600,0.010123936459422112
29700,0.02714380994439125
29800,0.013520411215722561
29900,0.018072286620736122
30000,0.01508303266018629
30100,0.0063582914881408215
30200,0.010776881128549576
30300,0.011877896264195442
30400,0.005569517146795988
30500,0.01198054663836956
30600,0.009206140413880348
30700,0.015585435554385185
30800,0.038472071290016174
30900,0.010911272838711739
31000,0.012209628708660603
31100,0.0072815874591469765
31200,0.0067338040098547935
31300,0.013609305955469608
31400,0.009888051077723503
31500,0.012658104300498962
31600,0.011010183952748775
31700,0.009144597686827183
31800,0.011908506974577904
31900,0.006453546229749918
32000,0.021928999572992325
32100,0.02538929507136345
32200,0.013575759716331959
32300,0.012582095339894295
32400,0.005295717157423496
32500,0.02539125271141529
32600,0.05340281128883362
32700,0.014135551638901234
32800,0.006150704808533192
32900,0.023667393252253532
33000,0.02077648416161537
33100,0.0176354069262743
33200,0.03640025854110718
33300,0.018176725134253502
33400,0.013584551401436329
33500,0.004400265868753195
33600,0.005877528339624405
33700,0.01801660656929016
33800,0.03864722326397896
33900,0.009648969396948814
34000,0.019024981185793877
34100,0.012853546999394894
34200,0.010428293608129025
34300,0.03208141773939133
34400,0.10687599331140518
34500,0.008807689882814884
34600,0.006842241622507572
34700,0.006465344224125147
34800,0.009659938514232635
34900,0.012808488681912422
35000,0.007138591259717941
35100,0.007360610645264387
35200,0.017294056713581085
35300,0.01690228283405304
35400,0.00487108901143074
35500,0.008931374177336693
35600,0.0034601055085659027
35700,0.018913978710770607
35800,0.008434758521616459
35900,0.007857801392674446
36000,0.011408492922782898
36100,0.003429662436246872
36200,0.005696978885680437
36300,0.17808856070041656
36400,0.009793531149625778
36500,0.004689800553023815
36600,0.05778178945183754
36700,0.007463725283741951
36800,0.008898744359612465
36900,0.011142456904053688
37000,0.009448077529668808
37100,0.010303549468517303
37200,0.007992938160896301
37300,0.009654702618718147
37400,0.00746686477214098
37500,0.01734624058008194
37600,0.0079503133893013
37700,0.005975619424134493
37800,0.005461288150399923
37900,0.00973447784781456
38000,0.007070413790643215
38100,0.040992025285959244
38200,0.009980318136513233
38300,0.007882194593548775
38400,0.005055224522948265
38500,0.010653462260961533
38600,0.013263389468193054
38700,0.004463351331651211
38800,0.0032438819762319326
38900,0.008745750412344933
39000,0.01726602017879486
39100,0.004867095500230789
39200,0.0033312600571662188
39300,0.013305864296853542
39400,0.027400577440857887
39500,0.006675056181848049
39600,0.01886373944580555
39700,0.01183394156396389
39800,0.005864700302481651
39900,0.0049980380572378635
40000,0.008582239970564842
40100,0.009511544369161129
40200,0.0050812275148928165
40300,0.016338445246219635
40400,0.00706423120573163
40500,0.009149115532636642
40600,0.010411513037979603
40700,0.01297178864479065
40800,0.00885654054582119
40900,0.050527703016996384
41000,0.009771342389285564
41100,0.03264244273304939
41200,0.01000644639134407
41300,0.01399816945195198
41400,0.006288927514106035
41500,0.006430916488170624
41600,0.007804914843291044
41700,0.020511919632554054
41800,0.006951491814106703
41900,0.3358074128627777
42000,0.008610619232058525
42100,0.016382459551095963
42200,0.015167107805609703
42300,0.006438212003558874
42400,0.0038487575948238373
42500,0.00758135411888361
42600,0.047205694019794464
42700,0.013025805354118347
42800,0.009710568934679031
42900,0.006601723842322826
43000,0.008619332686066628
43100,0.011585010215640068
43200,0.015214523300528526
43300,0.009835387580096722
43400,0.012033834122121334
43500,0.011975163593888283
43600,0.010913236066699028
43700,0.01131913810968399
43800,0.009179827757179737
43900,0.0033857806120067835
44000,0.010485694743692875
44100,0.015362939797341824
44200,0.024809449911117554
44300,0.010727711953222752
44400,0.007023310288786888
44500,0.010168800130486488
44600,0.002663207706063986
44700,0.008339733816683292
44800,0.06447941809892654
44900,0.01313878782093525
45000,0.007686214055866003
45100,0.0037515349686145782
45200,0.011887416243553162
45300,0.009042817167937756
45400,0.006899225991219282
45500,0.012468750588595867
45600,0.007095927372574806
45700,0.005589210893958807
45800,0.007173767779022455
45900,0.009876888245344162
46000,0.015513680875301361
46100,0.3187505900859833
46200,0.009213108569383621
46300,0.009220080450177193
46400,0.19621670246124268
46500,0.016790589317679405
46600,0.004131825640797615
46700,0.005872482433915138
46800,0.006837950553745031
46900,0.0038921362720429897
47000,0.014359435066580772
47100,0.010388243943452835
47200,0.01436423696577549
47300,0.008107447996735573
47400,0.004449679050594568
47500,0.006658992264419794
47600,0.01068961527198553
47700,0.020939625799655914
47800,0.0031634154729545116
47900,0.012039357796311378
48000,0.012107577174901962
48100,0.007110693957656622
48200,0.011715080589056015
48300,0.008521052077412605
48400,0.017563296481966972
48500,0.011976731941103935
48600,0.012054452672600746
48700,0.008754819631576538
48800,0.006462519988417625
48900,0.0067194728180766106
49000,0.007317429408431053
49100,0.01407910231500864
49200,0.020236331969499588
49300,0.010239880532026291
49400,0.005253651179373264
49500,0.006010665092617273
49600,0.008431174792349339
49700,0.00507654994726181
49800,0.013524627313017845
49900,0.012003470212221146
50000,0.01022990420460701
50100,0.01611216552555561
50200,0.011362172663211823
50300,0.004972849041223526
50400,0.01772514171898365
50500,0.012491688132286072
50600,0.04253502935171127
50700,0.024109818041324615
50800,0.014321105554699898
50900,0.004538177978247404
51000,0.012763196602463722
51100,0.011392156593501568
51200,0.004496315028518438
51300,0.007198977749794722
51400,0.020803317427635193
51500,0.0042058248072862625
51600,0.00483859796077013
51700,0.0057212840765714645
51800,0.0068402667529881
51900,0.00699257105588913
52000,0.018133241683244705
52100,0.009780267253518105
52200,0.005079778842628002
52300,0.008781551383435726
52400,0.0075509012676775455
52500,0.0043806042522192
52600,0.0059531438164412975
52700,0.00414689676836133
52800,0.006542045623064041
52900,0.014915235340595245
53000,0.005174695048481226
53100,0.0039020313415676355
53200,0.010002879425883293
53300,0.009405111894011497
53400,0.0076066553592681885
53500,0.006558331660926342
53600,0.002650307957082987
53700,0.01913600228726864
53800,0.00789208710193634
53900,0.010841191746294498
54000,0.010073407553136349
54100,0.009129799902439117
54200,0.013088998384773731
54300,0.008280283771455288
54400,0.015364110469818115
54500,0.005590801127254963
54600,0.00942426361143589
54700,0.012946388684213161
54800,0.008582187816500664
54900,0.01634032092988491
55000,0.013923566788434982
55100,0.0070126354694366455
55200,0.0026906407438218594
55300,0.041105717420578
55400,0.003849463304504752
55500,0.008952545002102852
55600,0.008138621225953102
55700,0.00375844887457788
55800,0.008095325902104378
55900,0.03912722319364548
56000,0.011659371666610241
56100,0.005147990770637989
56200,0.008301124908030033
56300,0.0020331020932644606
56400,0.01023973897099495
56500,0.006035450845956802
56600,0.005640222690999508
56700,0.006294211372733116
56800,0.004267423413693905
56900,0.011035245843231678
57000,0.005476873833686113
57100,0.008588523603975773
57200,0.0069100698456168175
57300,0.00713324174284935
57400,0.021062783896923065
57500,0.006537281442433596
57600,0.003376110689714551
57700,0.009566064924001694
57800,0.0170622356235981
57900,0.008434041403234005
58000,0.0054839001968503
58100,0.012765906751155853
58200,0.01769559644162655
58300,0.003806917928159237
58400,0.007396682631224394
58500,0.006669013295322657
58600,0.00626023206859827
58700,0.011500854045152664
58800,0.010841669514775276
58900,0.007449066732078791
59000,0.012012841179966927
59100,0.006605501752346754
59200,0.01259818859398365
59300,0.005776760168373585
59400,0.006953532341867685
59500,0.014222829602658749
59600,0.011627393774688244
59700,0.010243212804198265
59800,0.00857668835669756
59900,0.010063004679977894
60000,0.012747624889016151
60100,0.008404751308262348
60200,0.003492071758955717
60300,0.006993258837610483
60400,0.0035328203812241554
60500,0.01052170805633068
60600,0.006493164226412773
60700,0.005169830285012722
60800,0.005142283625900745
60900,0.026979289948940277
61000,0.005102630238980055
61100,0.007772485725581646
61200,0.008020509965717793
61300,0.010770872235298157
61400,0.004682641476392746
61500,0.011849850416183472
61600,0.38835442066192627
61700,0.004550011828541756
61800,0.016247017309069633
61900,0.006007705349475145
62000,0.007407808676362038
62100,0.004847222939133644
62200,0.004191014915704727
62300,0.017222747206687927
62400,0.005335377529263496
62500,0.008964966982603073
62600,0.007113439030945301
62700,0.005278365686535835
62800,0.0027352566830813885
62900,0.006146514788269997
63000,0.0068738022819161415
63100,0.020332301035523415
63200,0.0031688157469034195
63300,0.003303372301161289
63400,0.0036054367665201426
63500,0.01116153970360756
63600,0.006103868596255779
63700,0.00390943419188261
63800,0.005134228151291609
63900,0.005610264837741852
64000,0.0096762515604496
64100,0.01742248795926571
64200,0.009006842970848083
64300,0.006690414622426033
64400,0.005274941213428974
64500,0.00322875939309597
64600,0.005369505845010281
64700,0.00781776662915945
64800,0.0022633604239672422
64900,0.013780156150460243
65000,0.01892981305718422
65100,0.0075304461643099785
65200,0.011467303149402142
65300,0.0029445341788232327
65400,0.007030655164271593
65500,0.003609841223806143
65600,0.010081741958856583
65700,0.009113984182476997
65800,0.005247291177511215
65900,0.002908627735450864
66000,0.004616967868059874
66100,0.006052548531442881
66200,0.06832025945186615
66300,0.0031165473628789186
66400,0.0031363258603960276
66500,0.011193761602044106
66600,0.006250882986932993
66700,0.016114700585603714
66800,0.010074349120259285
66900,0.010358246974647045
67000,0.004292437806725502
67100,0.011528924107551575
67200,0.010636505670845509
67300,0.006774412468075752
67400,0.005493686534464359
67500,0.004290878772735596
67600,0.0046412283554673195
67700,0.004484782926738262
67800,0.00406985217705369
67900,0.010115908458828926
68000,0.0040485551580786705
68100,0.0037164967507123947
68200,0.003997245337814093
68300,0.0063896141946315765
68400,0.0035993321798741817
68500,0.008291385136544704
68600,0.0035834526643157005
68700,0.0055146412923932076
68800,0.012654499150812626
68900,0.006023837719112635
69000,0.011371091939508915
69100,0.002712374087423086
69200,0.009502697736024857
69300,0.00579521618783474
69400,0.004542292095720768
69500,0.009786487556993961
69600,0.1062178984284401
69700,0.006779007613658905
69800,0.0021207518875598907
69900,0.003350683022290468
70000,0.0028985696844756603
70100,0.006938978563994169
70200,0.0089593306183815
70300,0.003394360188394785
70400,0.013948298990726471
70500,0.0035117960069328547
70600,0.005513623356819153
70700,0.002662261016666889
70800,0.010550279170274734
70900,0.009509230963885784
71000,0.01550066564232111
71100,0.0077799782156944275
71200,0.022008754312992096
71300,0.007294186390936375
71400,0.0059532662853598595
71500,0.008190825581550598
71600,0.004992290399968624
71700,0.004500389099121094
71800,0.00692774960771203
71900,0.0031874265987426043
72000,0.006802286021411419
72100,0.0022342409938573837
72200,0.008511438965797424
72300,0.007047169841825962
72400,0.007295702118426561
72500,0.024405065923929214
72600,0.006406471133232117
72700,0.0023949742317199707
72800,0.003895601723343134
72900,0.04165245592594147
73000,0.006089843809604645
73100,0.013705797493457794
73200,0.003672171151265502
73300,0.006916895974427462
73400,0.005914706736803055
73500,0.0137865599244833
73600,0.010088261216878891
73700,0.011358384042978287
73800,0.04792497679591179
73900,0.006621877662837505
74000,0.0039755553007125854
74100,0.13500843942165375
74200,0.006381126120686531
74300,0.008076264522969723
74400,0.01736070029437542
74500,0.033191535621881485
74600,0.0038876663893461227
74700,0.05211399123072624
74800,0.005006253719329834
74900,0.00618023332208395
75000,0.005488995462656021
75100,0.0039687007665634155
75200,0.002550148870795965
75300,0.004406686872243881
75400,0.007325085811316967
75500,0.009325245395302773
75600,0.02622719667851925
75700,0.004160186275839806
75800,0.012237653136253357
75900,0.01340288296341896
76000,0.0066987015306949615
76100,0.004058302845805883
76200,0.008604753762483597
76300,0.003787368768826127
76400,0.4106082320213318
76500,0.00624875957146287
76600,0.008655397221446037
76700,0.009532774798572063
76800,0.0034195813350379467
76900,0.005366677418351173
77000,0.006498242728412151
77100,0.00620545819401741
77200,0.009305969811975956
77300,0.006079048849642277
77400,0.008456849493086338
77500,0.005432188045233488
77600,0.006861492060124874
77700,0.005040429998189211
77800,0.014906524680554867
77900,0.005764976143836975
78000,0.0031152251176536083
78100,0.005730452947318554
78200,0.006179029121994972
78300,0.00500982441008091
78400,0.02261204831302166
78500,0.01065777987241745
78600,0.007919035851955414
78700,0.005240024998784065
78800,0.0038472034502774477
78900,0.009193656966090202
79000,0.04971161484718323
79100,0.009420230984687805
79200,0.007171075791120529
79300,0.004246496595442295
79400,0.013005958870053291
79500,0.0048181600868701935
79600,0.008658507838845253
79700,0.01030047982931137
79800,0.006570849567651749
79900,0.012190521694719791
80000,0.007086870260536671
80100,0.007317350711673498
80200,0.011992193758487701
80300,0.004308855626732111
80400,0.006593549158424139
80500,0.012252308428287506
80600,0.008787471801042557
80700,0.0029351036064326763
80800,0.027042925357818604
80900,0.005614235065877438
81000,0.007141641341149807
81100,0.01050337590277195
81200,0.007054939400404692
81300,0.004152938723564148
81400,0.005868916399776936
81500,0.004236445762217045
81600,0.0029328661039471626
81700,0.009937168098986149
81800,0.005766112823039293
81900,0.008525462821125984
82000,0.003529931651428342
82100,0.003899121657013893
82200,0.006583575624972582
82300,0.007665643468499184
82400,0.0031908289529383183
82500,0.004413016140460968
82600,0.005716599989682436
82700,0.007311433088034391
82800,0.005871588829904795
82900,0.0038686259649693966
83000,0.007814903743565083
83100,0.008181030862033367
83200,0.005121604539453983
83300,0.005320941098034382
83400,0.005628516897559166
83500,0.008239840157330036
83600,0.011096561327576637
83700,0.006920883432030678
83800,0.006726371124386787
83900,0.0037153875455260277
84000,0.0035723047330975533
84100,0.00514970300719142
84200,0.005245243199169636
84300,0.00961141288280487
84400,0.007118474692106247
84500,0.010313577950000763
84600,0.015096724964678288
84700,0.01083831675350666
84800,0.01125880517065525
84900,0.0065232845954597
85000,0.006426473148167133
85100,0.0044350894168019295
85200,0.005397247616201639
85300,0.00476800836622715
85400,0.005635121837258339
85500,0.1325838267803192
85600,0.007662017829716206
85700,0.007261140737682581
85800,0.003564452286809683
85900,0.004938759375363588
86000,0.007981470786035061
86100,0.01444994006305933
86200,0.0030010526534169912
86300,0.0028969021514058113
86400,0.32741308212280273
86500,0.008066228590905666
86600,0.003760709660127759
86700,0.0052533866837620735
86800,0.005621818359941244
86900,0.01043803058564663
87000,0.004010665230453014
87100,0.005750902928411961
87200,0.004572133533656597
87300,0.006597110070288181
87400,0.003839148674160242
87500,0.0055675082840025425
87600,0.0028425678610801697
87700,0.004883768502622843
87800,0.006648074835538864
87900,0.04553096741437912
88000,0.008374132215976715
88100,0.009237254038453102
88200,0.00398402102291584
88300,0.006529742851853371
88400,0.0058040558360517025
88500,0.008796755224466324
88600,0.006967130117118359
88700,0.006096838042140007
88800,0.008006292395293713
88900,0.023838143795728683
89000,0.009352600201964378
89100,0.009253746829926968
89200,0.00333444494754076
89300,0.004717398434877396
89400,0.010043410584330559
89500,0.009934687055647373
89600,0.003398636355996132
89700,0.018757255747914314
89800,0.00944913923740387
89900,0.0031676776707172394
90000,0.0031450586393475533
90100,0.004051698371767998
90200,0.00784248486161232
90300,0.008436713367700577
90400,0.003844143357127905
90500,0.009080150164663792
90600,0.0031078518368303776
90700,0.015249372459948063
90800,0.005737181752920151
90900,0.006190522573888302
91000,0.003315699053928256
91100,0.007773105055093765
91200,0.007331258617341518
91300,0.002544134622439742
91400,0.003914529457688332
91500,0.0018661045469343662
91600,0.0035178661346435547
91700,0.0037733472418040037
91800,0.00462274719029665
91900,0.004410728812217712
92000,0.0037148655392229557
92100,0.00426836870610714
92200,0.006627741269767284
92300,0.0026284423656761646
92400,0.014186360873281956
92500,0.007378451991826296
92600,0.009220459498465061
92700,0.005141493398696184
92800,0.008113451302051544
92900,0.011297155171632767
93000,0.0033950707875192165
93100,0.006547639146447182
93200,0.0065277861431241035
93300,0.004349694587290287
93400,0.003432092722505331
93500,0.0028019663877785206
93600,0.022684553638100624
93700,0.006923692300915718
93800,0.0054559046402573586
93900,0.002018845407292247
94000,0.0047763315960764885
94100,0.00845968909561634
94200,0.008900893852114677
94300,0.003217644290998578
94400,0.004202904179692268
94500,0.0025190534070134163
94600,0.006429646629840136
94700,0.0025194641202688217
94800,0.0666448250412941
94900,0.00878229457885027
95000,0.004417862743139267
95100,0.0028773429803550243
95200,0.006397390738129616
95300,0.054037392139434814
95400,0.006812191568315029
95500,0.004931090399622917
95600,0.006240783724933863
95700,0.00954822450876236
95800,0.006722826510667801
95900,0.019326116889715195
96000,0.00947578251361847
96100,0.06599508970975876
96200,0.005195328034460545
96300,0.012212519533932209
96400,0.0039479793049395084
96500,0.0027193203568458557
96600,0.0031952408608049154
96700,0.003329184604808688
96800,0.00915915984660387
96900,0.0028970579151064157
97000,0.003103394526988268
97100,0.007734195329248905
97200,0.006853870116174221
97300,0.002318277023732662
97400,0.004078937228769064
97500,0.005372656509280205
97600,0.008256301283836365
97700,0.045646168291568756
97800,0.004967623855918646
97900,0.0037767807953059673
98000,0.007962936535477638
98100,0.017551938071846962
98200,0.0067344303242862225
98300,0.005613604094833136
98400,0.005231741815805435
98500,0.002970874309539795
98600,0.007081165909767151
98700,0.03435036540031433
98800,0.016963202506303787
98900,0.0036058607511222363
99000,0.00732377078384161
99100,0.004309187643229961
99200,0.0045449454337358475
99300,0.005498561542481184
99400,0.0038895313628017902
99500,0.0032479707151651382
99600,0.004694872535765171
99700,0.006683020386844873
99800,0.00806395709514618
99900,0.006216647569090128
100000,0.0020969132892787457
100100,0.0035657701082527637
100200,0.00220417114906013
100300,0.006930662784725428
100400,0.006761778611689806
100500,0.005919335409998894
100600,0.008186927065253258
100700,0.008299101144075394
100800,0.005142237059772015
100900,0.005531913600862026
101000,0.006655382923781872
101100,0.003285906044766307
101200,0.00653122179210186
101300,0.004790417850017548
101400,0.004105068743228912
101500,0.006416694261133671
101600,0.006649198941886425
101700,0.005643054377287626
101800,0.003919103182852268
101900,0.0037824437022209167
102000,0.003465101821348071
102100,0.00305921770632267
102200,0.007027952931821346
102300,0.0058731986209750175
102400,0.0071585956029593945
102500,0.007118313107639551
102600,0.018480908125638962
102700,0.006097038276493549
102800,0.0032180037815123796
102900,0.0044038789346814156
103000,0.0019531911239027977
103100,0.003208191366866231
103200,0.013744689524173737
103300,0.005513307638466358
103400,0.0033265473321080208
103500,0.00421147933229804
103600,0.0038488355930894613
103700,0.0030240206979215145
103800,0.00269306730479002
103900,0.004717928357422352
104000,0.006597836501896381
104100,0.0026998636312782764
104200,0.008067522197961807
104300,0.009966575540602207
104400,0.002395733492448926
104500,0.00557000283151865
104600,0.004601801745593548
104700,0.0039465767331421375
104800,0.005984070710837841
104900,0.003960933070629835
105000,0.013219619169831276
105100,0.008071367628872395
105200,0.004984518978744745
105300,0.0064137401059269905
105400,0.004836913198232651
105500,0.006925307214260101
105600,0.008194622583687305
105700,0.007663325406610966
105800,0.006672482937574387
105900,0.002306880196556449
106000,0.008800435811281204
106100,0.007724424358457327
106200,0.002737131668254733
106300,0.004967043176293373
106400,0.004170342814177275
106500,0.0063440315425395966
106600,0.006204006727784872
106700,0.003545951098203659
106800,0.02099233865737915
106900,0.007870963774621487
107000,0.012606053613126278
107100,0.003184495260939002
107200,0.0032921419478952885
107300,0.004300582222640514
107400,0.004320609383285046
107500,0.0030288356356322765
107600,0.004461705219000578
107700,0.005587209481745958
107800,0.007895715534687042
107900,0.003516386030241847
108000,0.0027542421594262123
108100,0.007756311446428299
108200,0.0067016552202403545
108300,0.0029749684035778046
108400,0.008443196304142475
108500,0.011412608437240124
108600,0.001958978595212102
108700,0.004869475960731506
108800,0.006986547261476517
108900,0.06122131645679474
109000,0.0025288225151598454
109100,0.0047024888917803764
109200,0.002189192920923233
109300,0.00516571756452322
109400,0.005429859273135662
109500,0.006271586287766695
109600,0.007833732292056084
109700,0.007372450083494186
109800,0.004959544632583857
109900,0.005299341399222612
110000,0.002864869311451912
110100,0.004477165639400482
110200,0.003945381846278906
110300,0.005812883377075195
110400,0.006832676939666271
110500,0.003412020392715931
110600,0.0018925542244687676
110700,0.015979159623384476
110800,0.00319653213955462
110900,0.0038987949956208467
111000,0.0019716331735253334
111100,0.0028988621197640896
111200,0.005793415941298008
111300,0.0024511944502592087
111400,0.005453635007143021
111500,0.004476210102438927
111600,0.007031207904219627
111700,0.0067851608619093895
111800,0.005348030477762222
111900,0.0035835858434438705
112000,0.007374937646090984
112100,0.003219867590814829
112200,0.00396189047023654
112300,0.005285207182168961
112400,0.0038642575964331627
112500,0.006391909904778004
112600,0.015999598428606987
112700,0.004310004413127899
112800,0.003267060499638319
112900,0.0022121951915323734
113000,0.005904513411223888
113100,0.0038257453124970198
113200,0.00383143057115376
113300,0.010493708774447441
113400,0.0070809256285429
113500,0.006713896058499813
113600,0.008743371814489365
113700,0.006690421141684055
113800,0.0018575794529169798
113900,0.005837767384946346
114000,0.07833735644817352
114100,0.003182177897542715
114200,0.008925003930926323
114300,0.013243304565548897
114400,0.004856478422880173
114500,0.006707652471959591
114600,0.0040159826166927814
114700,0.009212336502969265
114800,0.0021977764554321766
114900,0.010975634679198265
115000,0.01317606121301651
115100,0.0017632563831284642
115200,0.008811230771243572
115300,0.08140303939580917
115400,0.006743005011230707
115500,0.009680724702775478
115600,0.010182095691561699
115700,0.004788872320204973
115800,0.008627382107079029
115900,0.0037270134780555964
116000,0.005341487471014261
116100,0.0047864471562206745
116200,0.010128197260200977
116300,0.005296424031257629
116400,0.00433304300531745
116500,0.008398627862334251
116600,0.004659510217607021
116700,0.007431178819388151
116800,0.004901644308120012
116900,0.004281987436115742
117000,0.0037297746166586876
117100,0.004584476351737976
117200,0.006209827959537506
117300,0.004673508461564779
117400,0.0075925919227302074
117500,0.004868526943027973
117600,0.003020317293703556
117700,0.012409613467752934
117800,0.008581661619246006
117900,0.005524217151105404
118000,0.006445635575801134
118100,0.006800992414355278
118200,0.003931459970772266
118300,0.0036182517651468515
118400,0.0032254313118755817
118500,0.0065332273952662945
118600,0.021266475319862366
118700,0.006915433332324028
118800,0.003901822492480278
118900,0.0037139388732612133
119000,0.0037552372086793184
119100,0.00915578007698059
119200,0.002991429762914777
119300,0.008242234587669373
119400,0.003610495710745454
119500,0.005301753990352154
119600,0.002058512531220913
119700,0.010106636211276054
119800,0.003997700288891792
119900,0.005848785862326622
120000,0.0035182288847863674
120100,0.004767215810716152
120200,0.004514844156801701
120300,0.0069804927334189415
120400,0.006609898991882801
120500,0.0071005672216415405
120600,0.005894625559449196
120700,0.006462169345468283
120800,0.006183155812323093
120900,0.003848547814413905
121000,0.005132931750267744
121100,0.005771163385361433
121200,0.003151889890432358
121300,0.0027368562296032906
121400,0.005652859341353178
121500,0.004326488357037306
121600,0.005897311959415674
121700,0.004939427599310875
121800,0.0022626961581408978
121900,0.0387759730219841
122000,0.002523898845538497
122100,0.003966392949223518
122200,0.0030094869434833527
122300,0.010068549774587154
122400,0.00179825141094625
122500,0.005946735851466656
122600,0.023612502962350845
122700,0.0034240337554365396
122800,0.00402269558981061
122900,0.005198933184146881
123000,0.003236784366890788
123100,0.003332844702526927
123200,0.009364034980535507
123300,0.008011041209101677
123400,0.004717627540230751
123500,0.021831296384334564
123600,0.002723196055740118
123700,0.005292759742587805
123800,0.003930890932679176
123900,0.0015096112620085478
124000,0.004329066723585129
124100,0.004151609260588884
124200,0.0034351246431469917
124300,0.006152838468551636
124400,0.007457982283085585
124500,0.03681677207350731
124600,0.004532144870609045
124700,0.006399484351277351
124800,0.005333686247467995
124900,0.006183581426739693
125000,0.002078115940093994
125100,0.0024150097742676735
125200,0.00405519362539053
125300,0.00787312351167202
125400,0.0024808780290186405
125500,0.006091048941016197
125600,0.005864677485078573
125700,0.0039995573461055756
125800,0.0735950917005539
125900,0.0037368598859757185
126000,0.004218610003590584
126100,0.006437339354306459
126200,0.0026971842162311077
126300,0.002782341092824936
126400,0.002442477736622095
126500,0.0035506945569068193
126600,0.004522050265222788
126700,0.004666426219046116
126800,0.003894234774634242
126900,0.005525589920580387
127000,0.01031473372131586
127100,0.003899372648447752
127200,0.00557973375543952
127300,0.004976523108780384
127400,0.006347615271806717
127500,0.0033925320021808147
127600,0.0047259097918868065
127700,0.007490731310099363
127800,0.005271558184176683
127900,0.016045566648244858
128000,0.020202042534947395
128100,0.0018943571485579014
128200,0.0025552937295287848
128300,0.004789091181010008
128400,0.0050878580659627914
128500,0.01000271551311016
128600,0.003908213693648577
128700,0.007279123179614544
128800,0.007440467365086079
128900,0.008686123415827751
129000,0.007603543810546398
129100,0.0011126312892884016
129200,0.004957037977874279
129300,0.004316200036555529
129400,0.019518770277500153
129500,0.0018759833183139563
129600,0.005754487589001656
129700,0.00573237519711256
129800,0.0034916396252810955
129900,0.004069040063768625
130000,0.003137939842417836
130100,0.0026311802212148905
130200,0.006900737527757883
130300,0.02473258785903454
130400,0.003807765431702137
130500,0.004984457511454821
130600,0.0025827207136899233
130700,0.0045525915920734406
130800,0.004222692921757698
130900,0.0024349375162273645
131000,0.004732810892164707
131100,0.0034079700708389282
131200,0.00923921912908554
131300,0.013315543532371521
131400,0.008001421578228474
131500,0.00667736679315567
131600,0.003920662682503462
131700,0.02193913236260414
131800,0.0030075693503022194
131900,0.003868285333737731
132000,0.001649734447710216
132100,0.002948828274384141
132200,0.012543999589979649
132300,0.004011779557913542
132400,0.0053588165901601315
132500,0.008344986476004124
132600,0.005059901624917984
132700,0.004744354635477066
132800,0.0014127450995147228
132900,0.00868164747953415
133000,0.003511318936944008
133100,0.003784791100770235
133200,0.006866022013127804
133300,0.006194564513862133
133400,0.0029319317545741796
133500,0.01412536483258009
133600,0.005811137147247791
133700,0.002937614917755127
133800,0.0033860260155051947
133900,0.005082693882286549
134000,0.003452380420640111
134100,0.0030079083517193794
134200,0.0029185807798057795
134300,0.004397205077111721
134400,0.007707016076892614
134500,0.008569646626710892
134600,0.0053589828312397
134700,0.005354736000299454
134800,0.00488321715965867
134900,0.001483586267568171
135000,0.0034244044218212366
135100,0.004377281293272972
135200,0.006412834860384464
135300,0.002957441844046116
135400,0.003790071466937661
135500,0.004804567899554968
135600,0.02949448861181736
135700,0.00687252776697278
135800,0.003554164431989193
135900,0.2663939595222473
136000,0.004890292417258024
136100,0.0069309137761592865
136200,0.006809752434492111
136300,0.004604732617735863
136400,0.005321502685546875
136500,0.007296053227037191
136600,0.003090275451540947
136700,0.00827337522059679
136800,0.006131068803369999
136900,0.001843240694142878
137000,0.007482877466827631
137100,0.005165641196072102
137200,0.005081382114440203
137300,0.003859876189380884
137400,0.00600406201556325
137500,0.0027462986763566732
137600,0.005563303828239441
137700,0.003727594157680869
137800,0.0060166348703205585
137900,0.0036317938938736916
138000,0.004089727997779846
138100,0.03908856585621834
138200,0.0031098301988095045
138300,0.003007971914485097
138400,0.006419010926038027
138500,0.0023892689496278763
138600,0.007246434688568115
138700,0.002197075868025422
138800,0.0033592157997190952
138900,0.006586505565792322
139000,0.0037984976079314947
139100,0.005169251933693886
139200,0.002481396310031414
139300,0.002750425599515438
139400,0.0018644211813807487
139500,0.004763234406709671
139600,0.0037959737237542868
139700,0.0022295000962913036
139800,0.00624100212007761
139900,0.0069033363834023476
140000,0.0028497709427028894
140100,0.0036373373586684465
140200,0.0031785336323082447
140300,0.0017391957808285952
140400,0.0015281620435416698
140500,0.0022948880214244127
140600,0.005846415646374226
140700,0.0028549237176775932
140800,0.005200420971959829
140900,0.004111763089895248
141000,0.008206133730709553
141100,0.003096600528806448
141200,0.0017277838196605444
141300,0.0021999888122081757
141400,0.01068081147968769
141500,0.005018067546188831
141600,0.002826639683917165
141700,0.003524214029312134
141800,0.004700906574726105
141900,0.002845712937414646
142000,0.007503916509449482
142100,0.0428658090531826
142200,0.004220633301883936
142300,0.004635985940694809
142400,0.009930492378771305
142500,0.0022628563456237316
142600,0.004815699066966772
142700,0.0025024772621691227
142800,0.028970470651984215
142900,0.014805864542722702
143000,0.004606824368238449
143100,0.005353905726224184
143200,0.003904961282387376
143300,0.003988833166658878
143400,0.004844739101827145
143500,0.004108272958546877
143600,0.0037079693283885717
143700,0.004389686975628138
143800,0.007510866969823837
143900,0.0018783514387905598
144000,0.004410373978316784
144100,0.0071921199560165405
144200,0.012715661898255348
144300,0.0038208882324397564
144400,0.0018510071095079184
144500,0.008813288994133472
144600,0.0036831004545092583
144700,0.007663820404559374
144800,0.0038780567701905966
144900,0.002325220964848995
145000,0.004293851554393768
145100,0.0027286538388580084
145200,0.03721998631954193
145300,0.0013847632799297571
145400,0.0031246354337781668
145500,0.002279291395097971
145600,0.002949540037661791
145700,0.006327311974018812
145800,0.0029262860771268606
145900,0.003776940982788801
146000,0.012702920474112034
146100,0.005617304239422083
146200,0.008808172307908535
146300,0.004449659958481789
146400,0.002138495910912752
146500,0.002804286777973175
146600,0.0017387433908879757
146700,0.004212912172079086
146800,0.006275764666497707
146900,0.0019818581640720367
147000,0.0023141743149608374
147100,0.003807169385254383
147200,0.0029985220171511173
147300,0.005412712227553129
147400,0.0024736616760492325
147500,0.004067516885697842
147600,0.002441816031932831
147700,0.0032605703454464674
147800,0.00667819008231163
147900,0.00369082810357213
148000,0.004010535776615143
148100,0.008437702432274818
148200,0.016652671620249748
148300,0.005087160971015692
148400,0.004487907513976097
148500,0.01161862351000309
148600,0.0033581668976694345
148700,0.007070084102451801
148800,0.004136223345994949
148900,0.004444075748324394
149000,0.0029962363187223673
149100,0.23477789759635925
149200,0.009840674698352814
149300,0.0045255692675709724
149400,0.005968803074210882
149500,0.002098553813993931
149600,0.013123851269483566
149700,0.0034171713050454855
149800,0.002770779887214303
149900,0.00310318311676383
150000,0.0012064888142049313
150100,0.006634607911109924
150200,0.0045997281558811665
150300,0.006150590255856514
150400,0.0031918222084641457
150500,0.0024144456256181
150600,0.003833966562524438
150700,0.0033653094433248043
150800,0.00557636097073555
150900,0.0013755481922999024
151000,0.006772604305297136
151100,0.0038199429400265217
151200,0.0028463630005717278
151300,0.0034317246172577143
151400,0.029016638174653053
151500,0.0031850063242018223
151600,0.006092337891459465
151700,0.004638814367353916
151800,0.0065004765056073666
151900,0.004643987864255905
152000,0.0034174807369709015
152100,0.006435968913137913
152200,0.003833737690001726
152300,0.00298870075494051
152400,0.006096535362303257
152500,0.002897739177569747
152600,0.004264675080776215
152700,0.002943881554529071
152800,0.007581505924463272
152900,0.00471106730401516
153000,0.004279938526451588
153100,0.006127326283603907
153200,0.0024406714364886284
153300,0.00638871593400836
153400,0.005660258233547211
153500,0.002134528011083603
153600,0.0014055250212550163
153700,0.007553017698228359
153800,0.002605919726192951
153900,0.005461317487061024
154000,0.01718500629067421
154100,0.024155355989933014
154200,0.006659192964434624
154300,0.006463068071752787
154400,0.004793720785528421
154500,0.004886816721409559
154600,0.0023874198086559772
154700,0.003299878677353263
154800,0.006803855299949646
154900,0.00686303898692131
155000,0.0016419874737039208
155100,0.005850815214216709
155200,0.004431219771504402
155300,0.004939506761729717
155400,0.003495774231851101
155500,0.0037235424388200045
155600,0.002825079020112753
155700,0.004391949623823166
155800,0.0032325922511518
155900,0.003775067627429962
156000,0.004512817598879337
156100,0.003985004965215921
156200,0.0045611197128891945
156300,0.007388776633888483
156400,0.0033706582617014647
156500,0.004994020331650972
156600,0.003579701529815793
156700,0.007532626856118441
156800,0.004074966534972191
156900,0.0022001108154654503
157000,0.0023329625837504864
157100,0.0030280647333711386
157200,0.005296258255839348
157300,0.002410236280411482
157400,0.0037006856873631477
157500,0.005727431736886501
157600,0.011269539594650269
157700,0.0015696404734626412
157800,0.0041031427681446075
157900,0.005344216246157885
158000,0.004823889583349228
158100,0.006261706352233887
158200,0.006372381001710892
158300,0.004877940751612186
158400,0.0048773507587611675
158500,0.008230061270296574
158600,0.003849678672850132
158700,0.005989777855575085
158800,0.0036720980424433947
158900,0.006421434693038464
159000,0.002490962389856577
159100,0.014830751344561577
159200,0.0032173478975892067
159300,0.0037026896607130766
159400,0.002832000609487295
159500,0.009650222957134247
159600,0.0028013831470161676
159700,0.007976358756422997
159800,0.004717786330729723
159900,0.005882709287106991
160000,0.009766869246959686
