count,loss
100,0.05553072318434715
200,0.16017961502075195
300,0.033629320561885834
400,0.08461000770330429
500,0.07441509515047073
600,0.027530528604984283
700,0.05885888636112213
800,0.02433798275887966
900,0.022362057119607925
1000,0.019303441047668457
1100,0.02746293507516384
1200,0.03180514648556709
1300,0.023514246568083763
1400,0.019974935799837112
1500,0.0234668031334877
1600,0.023199215531349182
1700,0.020387833938002586
1800,0.01339888945221901
1900,0.024396739900112152
2000,0.026942571625113487
2100,0.01850813254714012
2200,0.021932877600193024
2300,0.10749265551567078
2400,0.02416858822107315
2500,0.01075255312025547
2600,0.012127537280321121
2700,0.015935685485601425
2800,0.022376112639904022
2900,0.020627981051802635
3000,0.019396375864744186
3100,0.018437545746564865
3200,0.017654448747634888
3300,0.03462360054254532
3400,0.019400274381041527
3500,0.05238436535000801
3600,0.014171157032251358
3700,0.043551210314035416
3800,0.013276109471917152
3900,0.013966867700219154
4000,0.009325413033366203
4100,0.033022843301296234
4200,0.01493239775300026
4300,0.012800903990864754
4400,0.015227299183607101
4500,0.021480955183506012
4600,0.014463898725807667
4700,0.010374904610216618
4800,0.022853391245007515
4900,0.014205321669578552
5000,0.013385367579758167
5100,0.010152231901884079
5200,0.015568806789815426
5300,0.014173761010169983
5400,0.0333373099565506
5500,0.018940191715955734
5600,0.012017595581710339
5700,0.017088670283555984
5800,0.012469921261072159
5900,0.01138075441122055
6000,0.015831533819437027
6100,0.016772544011473656
6200,0.01402374729514122
6300,0.010180097073316574
6400,0.02627277560532093
6500,0.017568351700901985
6600,0.005597903858870268
6700,0.011530755087733269
6800,0.011110946536064148
6900,0.017726361751556396
7000,0.009363329038023949
7100,0.010848157107830048
7200,0.011622252874076366
7300,0.0287837665528059
7400,0.011648883111774921
7500,0.009239432401955128
7600,0.0068801697343587875
7700,0.011213627643883228
7800,0.0072480458766222
7900,0.023030679672956467
8000,0.005982782691717148
8100,0.01267449464648962
8200,0.010745244100689888
8300,0.008515950292348862
8400,0.08987825363874435
8500,0.010449739173054695
8600,0.011083994060754776
8700,0.011346066370606422
8800,0.008818190544843674
8900,0.006288076750934124
9000,0.011779108084738255
9100,0.02798859216272831
9200,0.011479632928967476
9300,0.00594724528491497
9400,0.008956183679401875
9500,0.011672573164105415
9600,0.01065868977457285
9700,0.006483176257461309
9800,0.014882072806358337
9900,0.008305545896291733
10000,0.07863977551460266
10100,0.007773371413350105
10200,0.01062649767845869
10300,0.006940051913261414
10400,0.013419900089502335
10500,0.009764541871845722
10600,0.0097962012514472
10700,0.011126854456961155
10800,0.06890535354614258
10900,0.017116516828536987
11000,0.014851203188300133
11100,0.008273058570921421
11200,0.019332394003868103
11300,0.011537556536495686
11400,0.012784315273165703
11500,0.007631880231201649
11600,0.009041257202625275
11700,0.014148804359138012
11800,0.006598132662475109
11900,0.0066728973761200905
12000,0.012946389615535736
12100,0.012440276332199574
12200,0.010729996487498283
12300,0.009397115558385849
12400,0.009139078669250011
12500,0.00800885446369648
12600,0.006519428454339504
12700,0.007119656540453434
12800,0.016346653923392296
12900,0.015432093292474747
13000,0.010458920150995255
13100,0.008922652341425419
13200,0.03434380888938904
13300,0.01021989993751049
13400,0.008662835694849491
13500,0.012015270069241524
13600,0.018844913691282272
13700,0.009395750239491463
13800,0.0064234952442348
13900,0.009718352928757668
14000,0.0033760778605937958
14100,0.011448953300714493
14200,0.010372051037847996
14300,0.00831582024693489
14400,0.011054627597332
14500,0.012808578088879585
14600,0.014438483864068985
14700,0.007953304797410965
14800,0.013766424730420113
14900,0.004890170879662037
15000,0.004824602510780096
15100,0.007076266221702099
15200,0.0059514292515814304
15300,0.010400934144854546
15400,0.006002556532621384
15500,0.006942952051758766
15600,0.017436128109693527
15700,0.0072939032688736916
15800,0.013975299894809723
15900,0.007589520886540413
16000,0.010432697832584381
16100,0.019392454996705055
16200,0.013273268938064575
16300,0.00666764797642827
16400,0.013412886299192905
16500,0.010760113596916199
16600,0.008252076804637909
16700,0.018875759094953537
16800,0.012948524206876755
16900,0.011399783194065094
17000,0.01064393576234579
17100,0.01159636490046978
17200,0.0051935408264398575
17300,0.006467483937740326
17400,0.00232878839597106
17500,0.006585133261978626
17600,0.0072286855429410934
17700,0.007369343191385269
17800,0.005984625779092312
17900,0.009680086746811867
18000,0.011883072555065155
18100,0.011016348376870155
18200,0.017729511484503746
18300,0.010020749643445015
18400,0.005704846698790789
18500,0.0058025638572871685
18600,0.022946398705244064
18700,0.049300387501716614
18800,0.005429732147604227
18900,0.008686978369951248
19000,0.007331599481403828
19100,0.006115840282291174
19200,0.012584916315972805
19300,0.029248423874378204
19400,0.00634064432233572
19500,0.006515789777040482
19600,0.009587187319993973
19700,0.007797632832080126
19800,0.009899118915200233
19900,0.008093117736279964
20000,0.010359198786318302
20100,0.0047790114767849445
20200,0.01188961137086153
20300,0.005487640388309956
20400,0.020151177421212196
20500,0.010034872218966484
20600,0.009851854294538498
20700,0.011189262382686138
20800,0.008595537394285202
20900,0.004255276173353195
21000,0.007121879607439041
21100,0.010303137823939323
21200,0.01280524954199791
21300,0.0048038773238658905
21400,0.008943775668740273
21500,0.007227469701319933
21600,0.058157868683338165
21700,0.006213354878127575
21800,0.0052858456037938595
21900,0.013024047948420048
22000,0.009186909534037113
22100,0.0074180373921990395
22200,0.00633412878960371
22300,0.01512410119175911
22400,0.004239662550389767
22500,0.006763066165149212
22600,0.010868910700082779
22700,0.005884559825062752
22800,0.0061710299924016
22900,0.004675163887441158
23000,0.007103265263140202
23100,0.007396200206130743
23200,0.01763235032558441
23300,0.008109595626592636
23400,0.005050224252045155
23500,0.07370886206626892
23600,0.007370499428361654
23700,0.004862099885940552
23800,0.008936749771237373
23900,0.011645333841443062
24000,0.0076361652463674545
24100,0.009538283571600914
24200,0.011189495213329792
24300,0.005602572113275528
24400,0.03653683140873909
24500,0.0048773386515676975
24600,0.014809058979153633
24700,0.030353311449289322
24800,0.007141148671507835
24900,0.09537509828805923
25000,0.004486572928726673
25100,0.004065845161676407
25200,0.004820912145078182
25300,0.06624654680490494
25400,0.011185852810740471
25500,0.006989402696490288
25600,0.011084984056651592
25700,0.07724723219871521
25800,0.0589107871055603
25900,0.005765640176832676
26000,0.007667627651244402
26100,0.004595369100570679
26200,0.004615309182554483
26300,0.004450125619769096
26400,0.005096382461488247
26500,0.004996065981686115
26600,0.03567781299352646
26700,0.00855751521885395
26800,0.005499226041138172
26900,0.008553119376301765
27000,0.007986991666257381
27100,0.006312526762485504
27200,0.025772035121917725
27300,0.006020594388246536
27400,0.006411152891814709
27500,0.013061457313597202
27600,0.006449566688388586
27700,0.004689362365752459
27800,0.006391869857907295
27900,0.01911475695669651
28000,0.013875266537070274
28100,0.009657252579927444
28200,0.0052720848470926285
28300,0.011315537616610527
28400,0.006578710395842791
28500,0.009202059358358383
28600,0.00635179877281189
28700,0.005567328073084354
28800,0.005848960019648075
28900,0.007376217748969793
29000,0.007976390421390533
29100,0.004913230426609516
29200,0.004772526677697897
29300,0.07843326032161713
29400,0.0025447504594922066
29500,0.008187838830053806
29600,0.004727277904748917
29700,0.005023243837058544
29800,0.003953203558921814
29900,0.007944479584693909
30000,0.005677907727658749
30100,0.006310907658189535
30200,0.006208219099789858
30300,0.011915778741240501
30400,0.004139360971748829
30500,0.021473873406648636
30600,0.00809660367667675
30700,0.01146700605750084
30800,0.005583497695624828
30900,0.008139999583363533
31000,0.01371067762374878
31100,0.014137063175439835
31200,0.00835689902305603
31300,0.008383549749851227
31400,0.007635241374373436
31500,0.005460413638502359
31600,0.00693434476852417
31700,0.007203623652458191
31800,0.008139854297041893
31900,0.010530817322432995
32000,0.011569683440029621
32100,0.007375670131295919
32200,0.005187146365642548
32300,0.004728613421320915
32400,0.01917749084532261
32500,0.0052146161906421185
32600,0.0031595518812537193
32700,0.005132240243256092
32800,0.013439590111374855
32900,0.005865453742444515
33000,0.007437439635396004
33100,0.004482616670429707
33200,0.004952007904648781
33300,0.0055449120700359344
33400,0.005080128088593483
33500,0.0064584799110889435
33600,0.00785352848470211
33700,0.005073556676506996
33800,0.007537731435149908
33900,0.005305266007781029
34000,0.0051523782312870026
34100,0.005727606359869242
34200,0.004280677065253258
34300,0.0038173114880919456
34400,0.004205560311675072
34500,0.00427581463009119
34600,0.0036315941251814365
34700,0.0045597730204463005
34800,0.007853029295802116
34900,0.00553253386169672
35000,0.00814896635711193
35100,0.0058662258088588715
35200,0.008059839718043804
35300,0.0026030365843325853
35400,0.006410821340978146
35500,0.003501906991004944
35600,0.012395299971103668
35700,0.006132162641733885
35800,0.014780698344111443
35900,0.007234273478388786
36000,0.005824549123644829
36100,0.010532097890973091
36200,0.0036232497077435255
36300,0.004446791484951973
36400,0.006260515656322241
36500,0.005634327419102192
36600,0.006468609906733036
36700,0.012019435875117779
36800,0.01080477237701416
36900,0.006981971673667431
37000,0.012834463268518448
37100,0.009487603791058064
37200,0.006655255798250437
37300,0.006373978219926357
37400,0.008871717378497124
37500,0.007716625928878784
37600,0.008611522614955902
37700,0.006544923409819603
37800,0.007395315915346146
37900,0.004476134665310383
38000,0.0068876431323587894
38100,0.004243730567395687
38200,0.010727276094257832
38300,0.005451991222798824
38400,0.008611224591732025
38500,0.01923423632979393
38600,0.004356628283858299
38700,0.0040698968805372715
38800,0.006818728055804968
38900,0.004648025147616863
39000,0.004076436627656221
39100,0.003836990101262927
39200,0.009945039637386799
39300,0.004856877028942108
39400,0.009737741202116013
39500,0.04642210900783539
39600,0.008981019258499146
39700,0.011208174750208855
39800,0.00558673357591033
39900,0.00943784974515438
40000,0.004564729053527117
40100,0.015299271792173386
40200,0.005154545418918133
40300,0.008723955601453781
40400,0.004983082879334688
40500,0.013713736087083817
40600,0.012841717340052128
40700,0.005678834859281778
40800,0.005321701988577843
40900,0.005346921272575855
41000,0.0038239082787185907
41100,0.012815793976187706
41200,0.006351730320602655
41300,0.0047720251604914665
41400,0.007101783994585276
41500,0.005956465378403664
41600,0.002207443816587329
41700,0.007285806350409985
41800,0.004880764055997133
41900,0.012661682441830635
42000,0.007078867405653
42100,0.006241511087864637
42200,0.009473547339439392
42300,0.006953585427254438
42400,0.010619794949889183
42500,0.004566660150885582
42600,0.007374943234026432
42700,0.004615764133632183
42800,0.005660188850015402
42900,0.005180307198315859
43000,0.01209208369255066
43100,0.005845553241670132
43200,0.004963267594575882
43300,0.0034338603727519512
43400,0.00628119008615613
43500,0.005550116766244173
43600,0.007435043808072805
43700,0.007476255297660828
43800,0.013140575960278511
43900,0.004396870732307434
44000,0.006290079094469547
44100,0.007252476178109646
44200,0.004338418133556843
44300,0.003956593107432127
44400,0.006633345503360033
44500,0.03941386193037033
44600,0.004612460266798735
44700,0.005662925541400909
44800,0.007033249828964472
44900,0.004059599246829748
45000,0.005355842411518097
45100,0.005025925114750862
45200,0.0060891942121088505
45300,0.004319360479712486
45400,0.004744663834571838
45500,0.005366873927414417
45600,0.005637021269649267
45700,0.004906839225441217
45800,0.005409294739365578
45900,0.006391300354152918
46000,0.008031482808291912
46100,0.00757885817438364
46200,0.010675274766981602
46300,0.007373578380793333
46400,0.005554999224841595
46500,0.006171755492687225
46600,0.007300808094441891
46700,0.004553563892841339
46800,0.005244201980531216
46900,0.00386559939943254
47000,0.00690619507804513
47100,0.005285278428345919
47200,0.005469064228236675
47300,0.0032887705601751804
47400,0.011072847060859203
47500,0.005782280582934618
47600,0.007814249023795128
47700,0.003818179713562131
47800,0.006137938238680363
47900,0.0059664370492100716
48000,0.006504379212856293
48100,0.007699762471020222
48200,0.003440047148615122
48300,0.03428800404071808
48400,0.00407099723815918
48500,0.004889158997684717
48600,0.09603945910930634
48700,0.005834141746163368
48800,0.003986863419413567
48900,0.021240105852484703
49000,0.005037619266659021
49100,0.006115374155342579
49200,0.0048316651955246925
49300,0.0057801916263997555
49400,0.005263932514935732
49500,0.0037245640996843576
49600,0.0028687124140560627
49700,0.008161901496350765
49800,0.005567467771470547
49900,0.003143895883113146
50000,0.008714797906577587
50100,0.004872454330325127
50200,0.00723313819617033
50300,0.00682842917740345
50400,0.006035850383341312
50500,0.002851563971489668
50600,0.005231974180787802
50700,0.006663165055215359
50800,0.004942715167999268
50900,0.012005050666630268
51000,0.013399212621152401
51100,0.004296012222766876
51200,0.008054269477725029
51300,0.012023398652672768
51400,0.00585770420730114
51500,0.0064996760338544846
51600,0.00528720673173666
51700,0.0036615345161408186
51800,0.011274493299424648
51900,0.0042360881343483925
52000,0.014404377900063992
52100,0.0038831057026982307
52200,0.004928262904286385
52300,0.010585807263851166
52400,0.006652317941188812
52500,0.012746663764119148
52600,0.005182392429560423
52700,0.00849534384906292
52800,0.004826548509299755
52900,0.004619073122739792
53000,0.0054199774749577045
53100,0.004881223663687706
53200,0.006634065881371498
53300,0.0037733635399490595
53400,0.02281181514263153
53500,0.0033355597406625748
53600,0.008042830973863602
53700,0.005776859819889069
53800,0.0033490178175270557
53900,0.004893118981271982
54000,0.00486507173627615
54100,0.004172155167907476
54200,0.004961000755429268
54300,0.03281690925359726
54400,0.02223172038793564
54500,0.00324612925760448
54600,0.003556307405233383
54700,0.00819370150566101
54800,0.009233199059963226
54900,0.015377795323729515
55000,0.004061602987349033
55100,0.01270072627812624
55200,0.005216631107032299
55300,0.006600227206945419
55400,0.006135458126664162
55500,0.006432303227484226
55600,0.0067268614657223225
55700,0.014037561602890491
55800,0.002567755524069071
55900,0.008497764356434345
56000,0.010660205036401749
56100,0.011027279309928417
56200,0.005968801211565733
56300,0.005681012291461229
56400,0.011121993884444237
56500,0.004090174101293087
56600,0.005262245424091816
56700,0.0030688666738569736
56800,0.003731772769242525
56900,0.002897028811275959
57000,0.004055127967149019
57100,0.006932483054697514
57200,0.007123933639377356
57300,0.006823170930147171
57400,0.005914085078984499
57500,0.005358325783163309
57600,0.00621867086738348
57700,0.0025071429554373026
57800,0.004849937744438648
57900,0.004839717410504818
58000,0.004521043039858341
58100,0.008888009935617447
58200,0.009976748377084732
58300,0.004985956475138664
58400,0.009703313931822777
58500,0.006408739369362593
58600,0.004596739076077938
58700,0.0030088818166404963
58800,0.005073052830994129
58900,0.0032999480608850718
59000,0.00597259309142828
59100,0.003466518595814705
59200,0.004628479480743408
59300,0.0029306882061064243
59400,0.008335325866937637
59500,0.0063536204397678375
59600,0.0031431601382791996
59700,0.00905434787273407
59800,0.0049630398862063885
59900,0.006352439057081938
60000,0.005333143752068281
60100,0.006738577503710985
60200,0.006578720174729824
60300,0.0073595549911260605
60400,0.007828007452189922
60500,0.004168172366917133
60600,0.008508889935910702
60700,0.003342438954859972
60800,0.014714430086314678
60900,0.004533012863248587
61000,0.003644991898909211
61100,0.017569642513990402
61200,0.004030895885080099
61300,0.004053336568176746
61400,0.005655629560351372
61500,0.002747368300333619
61600,0.0032978029921650887
61700,0.006047910079360008
61800,0.020060304552316666
61900,0.0037181933876127005
62000,0.002781076356768608
62100,0.009625034406781197
62200,0.013077612966299057
62300,0.0035778770688921213
62400,0.006014150567352772
62500,0.001564161153510213
62600,0.0034812537487596273
62700,0.006578532978892326
62800,0.006534398067742586
62900,0.0070259906351566315
63000,0.010731268674135208
63100,0.004988044500350952
63200,0.004312111996114254
63300,0.00420771911740303
63400,0.034879837185144424
63500,0.0355256125330925
63600,0.004759770352393389
63700,0.006741652265191078
63800,0.008970028720796108
63900,0.014135734178125858
64000,0.018884580582380295
64100,0.00378704653121531
64200,0.005205357912927866
64300,0.005466758273541927
64400,0.004025451838970184
64500,0.0029418892227113247
64600,0.004386983346194029
64700,0.0038779540918767452
64800,0.0032380225602537394
64900,0.006034312304109335
65000,0.0038118776865303516
65100,0.008619003929197788
65200,0.006776303052902222
65300,0.0028296764940023422
65400,0.01413780078291893
65500,0.00443232012912631
65600,0.008746649138629436
65700,0.004083933308720589
65800,0.009039591066539288
65900,0.004825342912226915
66000,0.001974662533029914
66100,0.0037458946462720633
66200,0.00359714706428349
66300,0.0038457070477306843
66400,0.006558459717780352
66500,0.0036325128749012947
66600,0.003907034173607826
66700,0.005282524507492781
66800,0.0056203813292086124
66900,0.005325932987034321
67000,0.004960830323398113
67100,0.0032560364343225956
67200,0.004016282968223095
67300,0.010965079069137573
67400,0.012874428182840347
67500,0.005963820964097977
67600,0.010553186759352684
67700,0.0060034808702766895
67800,0.0035702770110219717
67900,0.0077314479276537895
68000,0.005866444669663906
68100,0.005295901093631983
68200,0.011157202534377575
68300,0.0026919194497168064
68400,0.004687713924795389
68500,0.003611220046877861
68600,0.012259965762495995
68700,0.009299968369305134
68800,0.0038309788797050714
68900,0.00381727353669703
69000,0.0037800678983330727
69100,0.030631961300969124
69200,0.0048775142058730125
69300,0.004946026019752026
69400,0.007125864736735821
69500,0.00409034825861454
69600,0.007654327899217606
69700,0.009302700869739056
69800,0.007493874989449978
69900,0.00471014529466629
70000,0.0047311983071267605
70100,0.005979765206575394
70200,0.004284231923520565
70300,0.0033784625120460987
70400,0.0035174572840332985
70500,0.004868047311902046
70600,0.004715383984148502
70700,0.006825630087405443
70800,0.028567500412464142
70900,0.005872270092368126
71000,0.02852858603000641
71100,0.004733144771307707
71200,0.008141864091157913
71300,0.006847699638456106
71400,0.004042948596179485
71500,0.0034501724876463413
71600,0.0045502143912017345
71700,0.012368360534310341
71800,0.0033744988031685352
71900,0.00345380837097764
72000,0.002713980618864298
72100,0.006284037604928017
72200,0.003616680158302188
72300,0.011636495590209961
72400,0.004003799986094236
72500,0.0043357014656066895
72600,0.005159234628081322
72700,0.00708540715277195
72800,0.00688677653670311
72900,0.005776256322860718
73000,0.003086076583713293
73100,0.0050779106095433235
73200,0.003609525039792061
73300,0.0028804978355765343
73400,0.00511003565043211
73500,0.009808309376239777
73600,0.002839877735823393
73700,0.0035146265290677547
73800,0.009193005971610546
73900,0.0020296883303672075
74000,0.005213446915149689
74100,0.0040221246890723705
74200,0.04869239777326584
74300,0.005016708746552467
74400,0.008645372465252876
74500,0.043727193027734756
74600,0.0061092497780919075
74700,0.0032163276337087154
74800,0.005572632420808077
74900,0.0068294331431388855
75000,0.0033677127212285995
75100,0.003557049436494708
75200,0.0030600756872445345
75300,0.004060038365423679
75400,0.005007851868867874
75500,0.006033767946064472
75600,0.0028024360071867704
75700,0.003723406931385398
75800,0.0033049280755221844
75900,0.0043019759468734264
76000,0.0029545684810727835
76100,0.0033348510041832924
76200,0.0021403175778687
76300,0.006526482757180929
76400,0.004718836396932602
76500,0.005352911539375782
76600,0.014611105434596539
76700,0.003435425693169236
76800,0.003454926423728466
76900,0.004941042046993971
77000,0.006946602836251259
77100,0.027565816417336464
77200,0.003487023990601301
77300,0.007701900787651539
77400,0.0038709405343979597
77500,0.0038304468616843224
77600,0.009223613888025284
77700,0.0038558482192456722
77800,0.0061860946007072926
77900,0.007732689380645752
78000,0.004195845685899258
78100,0.01388026773929596
78200,0.0038857809267938137
78300,0.004880542866885662
78400,0.0028286941815167665
78500,0.005045207682996988
78600,0.047955915331840515
78700,0.004408812150359154
78800,0.005416818894445896
78900,0.011057804338634014
79000,0.004880683962255716
79100,0.005118216387927532
79200,0.007236110977828503
79300,0.00420011579990387
79400,0.004346846137195826
79500,0.005642881616950035
79600,0.00377971725538373
79700,0.0038459000643342733
79800,0.004259510897099972
79900,0.008688628673553467
80000,0.004787181504070759
80100,0.010142240673303604
80200,0.003872317261993885
80300,0.005205527879297733
80400,0.003391072852537036
80500,0.005531017668545246
80600,0.0031758216209709644
80700,0.006252681836485863
80800,0.003461285028606653
80900,0.009552487172186375
81000,0.0029476461932063103
81100,0.0021013468503952026
81200,0.003076506545767188
81300,0.0030798211228102446
81400,0.002547861309722066
81500,0.014994397759437561
81600,0.004397527314722538
81700,0.008608739823102951
81800,0.002611931413412094
81900,0.005135413259267807
82000,0.0031794290989637375
82100,0.007942534983158112
82200,0.005597610492259264
82300,0.0034320487175136805
82400,0.0062819914892315865
82500,0.016274468973279
82600,0.005478048697113991
82700,0.0028548301197588444
82800,0.006437486037611961
82900,0.00490908045321703
83000,0.007521284744143486
83100,0.012827826663851738
83200,0.00476963771507144
83300,0.010997449979186058
83400,0.008198057301342487
83500,0.005048658698797226
83600,0.0039328960701823235
83700,0.006351688411086798
83800,0.00660938024520874
83900,0.0035540000535547733
84000,0.00478333281353116
84100,0.004563493654131889
84200,0.006380908656865358
84300,0.003971888218075037
84400,0.0028326332103461027
84500,0.02204756997525692
84600,0.002790992148220539
84700,0.0060417307540774345
84800,0.006698252633213997
84900,0.004957377444952726
85000,0.00356314517557621
85100,0.0035782246850430965
85200,0.0020797778852283955
85300,0.07238997519016266
85400,0.00949060171842575
85500,0.004374196287244558
85600,0.004661998711526394
85700,0.006299866829067469
85800,0.0067106690257787704
85900,0.006655982229858637
86000,0.0045570628717541695
86100,0.011861734092235565
86200,0.0037875035777688026
86300,0.012906295247375965
86400,0.006294646300375462
86500,0.006133639253675938
86600,0.0023239552974700928
86700,0.003827514126896858
86800,0.013157133013010025
86900,0.01350672822445631
87000,0.011550442315638065
87100,0.006641612388193607
87200,0.0052941483445465565
87300,0.021067723631858826
87400,0.006296112202107906
87500,0.006614342797547579
87600,0.005268063396215439
87700,0.0028909400571137667
87800,0.0035689270589500666
87900,0.003844523336738348
88000,0.005744077730923891
88100,0.0024402160197496414
88200,0.005891196429729462
88300,0.004970551002770662
88400,0.002287880517542362
88500,0.009880620054900646
88600,0.002970463363453746
88700,0.015115320682525635
88800,0.0029589268378913403
88900,0.004776138346642256
89000,0.00853316206485033
89100,0.00372912734746933
89200,0.00425393832847476
89300,0.004638689570128918
89400,0.01177974697202444
89500,0.0035990504547953606
89600,0.0044747330248355865
89700,0.00373141304589808
89800,0.009383868426084518
89900,0.005110878497362137
90000,0.005299105774611235
90100,0.00252663716673851
90200,0.006520681083202362
90300,0.0036648341920226812
90400,0.0026335217989981174
90500,0.004045387730002403
90600,0.003204884473234415
90700,0.005326608661562204
90800,0.03498445078730583
90900,0.00854865275323391
91000,0.001949615660123527
91100,0.0041159153915941715
91200,0.005720660090446472
91300,0.01326159480959177
91400,0.006713945884257555
91500,0.004548763856291771
91600,0.0038480544462800026
91700,0.023613814264535904
91800,0.0031510135158896446
91900,0.002779677975922823
92000,0.04831698164343834
92100,0.003525966312736273
92200,0.040174249559640884
92300,0.003613228676840663
92400,0.003960802219808102
92500,0.003985760733485222
92600,0.0034451689571142197
92700,0.003503623651340604
92800,0.0026468010619282722
92900,0.00442847516387701
93000,0.004187841899693012
93100,0.004720349796116352
93200,0.006882913410663605
93300,0.008519656956195831
93400,0.003174977609887719
93500,0.0020872578024864197
93600,0.00823773629963398
93700,0.002215848071500659
93800,0.008358224295079708
93900,0.0031331628561019897
94000,0.003478306345641613
94100,0.00502966670319438
94200,0.00371771608479321
94300,0.0038591972552239895
94400,0.011164305731654167
94500,0.00942011084407568
94600,0.0042025186121463776
94700,0.004555655177682638
94800,0.0070692324079573154
94900,0.005515098571777344
95000,0.004548029974102974
95100,0.0037396764382719994
95200,0.002733855042606592
95300,0.01213572733104229
95400,0.004342786967754364
95500,0.004735592752695084
95600,0.0045716650784015656
95700,0.0069855498149991035
95800,0.0036019475664943457
95900,0.004063296131789684
96000,0.0042640166357159615
96100,0.00264199310913682
96200,0.005312129855155945
96300,0.003524872474372387
96400,0.004046926274895668
96500,0.003827895037829876
96600,0.002735659945756197
96700,0.00507158599793911
96800,0.00558887654915452
96900,0.003268902190029621
97000,0.0025048849638551474
97100,0.0027674094308167696
97200,0.008746802806854248
97300,0.00497947633266449
97400,0.003180411644279957
97500,0.003046451136469841
97600,0.011321389116346836
97700,0.0033066398464143276
97800,0.0028794468380510807
97900,0.013240274041891098
98000,0.007407505530864
98100,0.01052074320614338
98200,0.009045138955116272
98300,0.004397859331220388
98400,0.002527235308662057
98500,0.004600376822054386
98600,0.0044579459354281425
98700,0.00922480970621109
98800,0.007835794240236282
98900,0.007854071445763111
99000,0.005681156180799007
99100,0.004043790977448225
99200,0.004663492552936077
99300,0.004527832381427288
99400,0.006193387322127819
99500,0.00662646722048521
99600,0.005319473799318075
99700,0.07367593050003052
99800,0.00372159481048584
99900,0.00687053520232439
100000,0.005293741822242737
100100,0.00815066322684288
100200,0.005049571394920349
100300,0.003912094049155712
100400,0.0030620559118688107
100500,0.0034676631912589073
100600,0.0037713032215833664
100700,0.004369288217276335
100800,0.029902305454015732
100900,0.0027667551767081022
101000,0.009321284480392933
101100,0.005444576498121023
101200,0.005495216231793165
101300,0.007195546291768551
101400,0.005518019199371338
101500,0.0031415570992976427
101600,0.004182429052889347
101700,0.004686356987804174
101800,0.007588476408272982
101900,0.044322334229946136
102000,0.006270380690693855
102100,0.011726014316082
102200,0.00472737941890955
102300,0.003358328714966774
102400,0.0028554964810609818
102500,0.007494645193219185
102600,0.0035383692011237144
102700,0.005468282848596573
102800,0.0025230899918824434
102900,0.007890873588621616
103000,0.0027183457277715206
103100,0.0019439093302935362
103200,0.0034990219864994287
103300,0.003747353795915842
103400,0.004299141466617584
103500,0.0035288333892822266
103600,0.007331485860049725
103700,0.031270019710063934
103800,0.004020942375063896
103900,0.004158299416303635
104000,0.0023994585499167442
104100,0.003301233984529972
104200,0.005109748337417841
104300,0.0037402750458568335
104400,0.004692980088293552
104500,0.0047760289162397385
104600,0.004576715640723705
104700,0.0051507893949747086
104800,0.00286258477717638
104900,0.0040383669547736645
105000,0.0034665269777178764
105100,0.00811810977756977
105200,0.005397233180701733
105300,0.0026437658816576004
105400,0.08013277500867844
105500,0.008161637932062149
105600,0.02224983647465706
105700,0.005137336440384388
105800,0.008872391656041145
105900,0.004184116143733263
106000,0.0031039011664688587
106100,0.0029303922783583403
106200,0.0049301134422421455
106300,0.0055915885604918
106400,0.002577246632426977
106500,0.0075179534032940865
106600,0.022372111678123474
106700,0.004708911292254925
106800,0.010269805788993835
106900,0.0070661455392837524
107000,0.004851494915783405
107100,0.012191154062747955
107200,0.004002518020570278
107300,0.0036094719544053078
107400,0.004437270574271679
107500,0.006670433096587658
107600,0.0037185917608439922
107700,0.004091437440365553
107800,0.003321463707834482
107900,0.002559468848630786
108000,0.0031845085322856903
108100,0.005751417949795723
108200,0.015301449224352837
108300,0.0034519662149250507
108400,0.007352715358138084
108500,0.0027047893963754177
108600,0.002770869992673397
108700,0.007804605644196272
108800,0.010572950355708599
108900,0.0034198167268186808
109000,0.004387016408145428
109100,0.014637531712651253
109200,0.004597815219312906
109300,0.003758902195841074
109400,0.005693967919796705
109500,0.003546035150066018
109600,0.017458952963352203
109700,0.006185196340084076
109800,0.003069800790399313
109900,0.003532190341502428
110000,0.005968824028968811
110100,0.003594874870032072
110200,0.003597183618694544
110300,0.0031315425876528025
110400,0.005000261589884758
110500,0.003365033771842718
110600,0.0054502482526004314
110700,0.005678759887814522
110800,0.00476599857211113
110900,0.0025003491900861263
111000,0.055949777364730835
111100,0.005730949342250824
111200,0.004043121822178364
111300,0.004172647371888161
111400,0.006133769638836384
111500,0.006985960062593222
111600,0.002447728533297777
111700,0.00415155291557312
111800,0.002840963192284107
111900,0.004819344729185104
112000,0.004445974715054035
112100,0.003053484484553337
112200,0.02467038482427597
112300,0.009714902378618717
112400,0.002905457280576229
112500,0.005170281510800123
112600,0.046660371124744415
112700,0.0036490950733423233
112800,0.004832940176129341
112900,0.004315272904932499
113000,0.002390763722360134
113100,0.00495919631794095
113200,0.0033749700523912907
113300,0.0030411162879318
113400,0.003958757966756821
113500,0.002444647252559662
113600,0.009216235019266605
113700,0.001980952452868223
113800,0.006264964584261179
113900,0.008888980373740196
114000,0.004332433454692364
114100,0.0019517270848155022
114200,0.009002789855003357
114300,0.0030315667390823364
114400,0.038377296179533005
114500,0.004282683599740267
114600,0.0036368516739457846
114700,0.0018519259756430984
114800,0.003949343226850033
114900,0.003683566115796566
115000,0.007584896869957447
115100,0.0038659335114061832
115200,0.012760124169290066
115300,0.012283524498343468
115400,0.002418875228613615
115500,0.00723750377073884
115600,0.006597024388611317
115700,0.00462421216070652
115800,0.004035445861518383
115900,0.006847898010164499
116000,0.01891801506280899
116100,0.005119949579238892
116200,0.0025015005376189947
116300,0.0036142789758741856
116400,0.006486796773970127
116500,0.0033893631771206856
116600,0.003185421461239457
116700,0.012735825031995773
116800,0.0038898340426385403
116900,0.005184628535062075
117000,0.0026418776251375675
117100,0.013273696415126324
117200,0.0068166302517056465
117300,0.003245689207687974
117400,0.030282359570264816
117500,0.004238833673298359
117600,0.004492437932640314
117700,0.005678735673427582
117800,0.025193946436047554
117900,0.003972184378653765
118000,0.004304463975131512
118100,0.0043202172964811325
118200,0.00403486518189311
118300,0.002385210245847702
118400,0.004115458577871323
118500,0.006527879275381565
118600,0.004390081390738487
118700,0.005795671138912439
118800,0.011612258851528168
118900,0.005791338626295328
119000,0.003185850568115711
119100,0.004705154336988926
119200,0.005829342640936375
119300,0.004055782221257687
119400,0.002216888591647148
119500,0.007075528614223003
119600,0.003988232929259539
119700,0.0032068328000605106
119800,0.009291714057326317
119900,0.0025179083459079266
120000,0.004305053502321243
120100,0.004835332743823528
120200,0.002807274926453829
120300,0.0023241257295012474
120400,0.00462671834975481
120500,0.013180268928408623
120600,0.004581323359161615
120700,0.004045838490128517
120800,0.008932312950491905
120900,0.002544684335589409
121000,0.007491822354495525
121100,0.003625294426456094
121200,0.003596669062972069
121300,0.004192741122096777
121400,0.0074270861223340034
121500,0.004033414646983147
121600,0.00121925154235214
121700,0.005264390259981155
121800,0.004993137437850237
121900,0.003672174643725157
122000,0.0030040089040994644
122100,0.0025704829022288322
122200,0.0051707010716199875
122300,0.004909786395728588
122400,0.005411434918642044
122500,0.017268257215619087
122600,0.010666783899068832
122700,0.0051205516792833805
122800,0.009381027892231941
122900,0.002872672863304615
123000,0.002724934834986925
123100,0.011302080936729908
123200,0.003041835967451334
123300,0.003037117887288332
123400,0.00738754216581583
123500,0.003910234197974205
123600,0.0033050766214728355
123700,0.0027931160293519497
123800,0.003984768874943256
123900,0.005480041727423668
124000,0.00240462739020586
124100,0.01078078057616949
124200,0.006651285104453564
124300,0.0038813124410808086
124400,0.0050825937651097775
124500,0.020344283431768417
124600,0.004934931173920631
124700,0.0017686225473880768
124800,0.006042186636477709
124900,0.002583996392786503
125000,0.010242512449622154
125100,0.003789756214246154
125200,0.005401471629738808
125300,0.003699429100379348
125400,0.015459704212844372
125500,0.00444749416783452
125600,0.004722444340586662
125700,0.026316871866583824
125800,0.004903620108962059
125900,0.005329548381268978
126000,0.01152784563601017
126100,0.006662438623607159
126200,0.0031578224152326584
126300,0.0038536996580660343
126400,0.005161731969565153
126500,0.01641562581062317
126600,0.005461912602186203
126700,0.007222970947623253
126800,0.06208457797765732
126900,0.005643699783831835
127000,0.0027631311677396297
127100,0.010508259758353233
127200,0.01459931768476963
127300,0.004864377900958061
127400,0.0042800623923540115
127500,0.005935595370829105
127600,0.002179272472858429
127700,0.004191909451037645
127800,0.002025709254667163
127900,0.002888161689043045
128000,0.005091450177133083
128100,0.007876051589846611
128200,0.0031897833105176687
128300,0.0032330318354070187
128400,0.006046619266271591
128500,0.003376990556716919
128600,0.005229296162724495
128700,0.004300713539123535
128800,0.0019803561735898256
128900,0.0028139178175479174
129000,0.003417791798710823
129100,0.0018085993360728025
129200,0.0061883460730314255
129300,0.0037804157473146915
129400,0.0034586903639137745
129500,0.0065887607634067535
129600,0.0029435320757329464
129700,0.00369512801989913
129800,0.0072739687748253345
129900,0.003225244116038084
130000,0.009609220549464226
130100,0.008271372877061367
130200,0.004960999824106693
130300,0.004585568793118
130400,0.0023239634465426207
130500,0.002366829663515091
130600,0.00511535070836544
130700,0.009003340266644955
130800,0.0032115946523845196
130900,0.003080022521317005
131000,0.004655116703361273
131100,0.044371575117111206
131200,0.004120608791708946
131300,0.004088009241968393
131400,0.005070565268397331
131500,0.015947239473462105
131600,0.00828411802649498
131700,0.013184992596507072
131800,0.003555636154487729
131900,0.0025100805796682835
132000,0.0047892117872834206
132100,0.016309436410665512
132200,0.005007613450288773
132300,0.018346775323152542
132400,0.00683640968054533
132500,0.004055523779243231
132600,0.006963931955397129
132700,0.006111066788434982
132800,0.005660308059304953
132900,0.005263300146907568
133000,0.012746065855026245
133100,0.003295156406238675
133200,0.005313558503985405
133300,0.002773997373878956
133400,0.006381623446941376
133500,0.006714176386594772
133600,0.0033051292411983013
133700,0.0057525793090462685
133800,0.0027706357650458813
133900,0.008877122774720192
134000,0.002755063120275736
134100,0.003250697162002325
134200,0.002954252762719989
134300,0.002782933646813035
134400,0.0060881394892930984
134500,0.0040614185854792595
134600,0.013326296582818031
134700,0.0050859609618783
134800,0.0035626853350549936
134900,0.013765815645456314
135000,0.006757556460797787
135100,0.006674678064882755
135200,0.005714142229408026
135300,0.0023461850360035896
135400,0.00691957026720047
135500,0.0034867036156356335
135600,0.004060246050357819
135700,0.009734559804201126
135800,0.008918988518416882
135900,0.016159147024154663
136000,0.006476046983152628
136100,0.018964828923344612
136200,0.0032435408793389797
136300,0.0032600131817162037
136400,0.00346450530923903
136500,0.005606256425380707
136600,0.002292119897902012
136700,0.002717109862715006
136800,0.005207199603319168
136900,0.005623392295092344
137000,0.0014722261112183332
137100,0.04500306025147438
137200,0.006869619712233543
137300,0.004002474248409271
137400,0.002206939971074462
137500,0.003433031728491187
137600,0.008928977884352207
137700,0.005204177927225828
137800,0.025348857045173645
137900,0.007112810388207436
138000,0.0026630479842424393
138100,0.003970199264585972
138200,0.016778672114014626
138300,0.003961104433983564
138400,0.003886457532644272
138500,0.002215413376688957
138600,0.005725333467125893
138700,0.002851540222764015
138800,0.005270620808005333
138900,0.012529307045042515
139000,0.006762365344911814
139100,0.011297985911369324
139200,0.002123553305864334
139300,0.004319693893194199
139400,0.0029662935994565487
139500,0.004146846942603588
139600,0.007625149562954903
139700,0.0029138787649571896
139800,0.008176600560545921
139900,0.0025547004770487547
140000,0.004386150278151035
140100,0.003379632718861103
140200,0.008202539756894112
140300,0.003952281083911657
140400,0.0065943337976932526
140500,0.0020503990817815065
140600,0.0036570224910974503
140700,0.0038858531042933464
140800,0.0029969634488224983
140900,0.005788431502878666
141000,0.003833816619589925
141100,0.00748063437640667
141200,0.0033022749703377485
141300,0.006260966416448355
141400,0.002715915907174349
141500,0.002967269392684102
141600,0.005187391769140959
141700,0.0032672262750566006
141800,0.004863297566771507
141900,0.002376220654696226
142000,0.0028775555547326803
142100,0.007378672249615192
142200,0.0035895442124456167
142300,0.007143605500459671
142400,0.003592907451093197
142500,0.0039999219588935375
142600,0.006050915457308292
142700,0.0279241893440485
142800,0.05051795765757561
142900,0.006302796769887209
143000,0.004517597146332264
143100,0.004278486594557762
143200,0.009136057458817959
143300,0.011297479271888733
143400,0.003936677239835262
143500,0.0026567610912024975
143600,0.0060067689046263695
143700,0.003292180597782135
143800,0.00470714271068573
143900,0.005246521905064583
144000,0.03206096962094307
144100,0.004864410497248173
144200,0.0022950095590204
144300,0.0032026662956923246
144400,0.013938259333372116
144500,0.003652368439361453
144600,0.004455798305571079
144700,0.005318419076502323
144800,0.003518745768815279
144900,0.003741463180631399
145000,0.012438923120498657
145100,0.05345487222075462
145200,0.0030287401750683784
145300,0.004316464997828007
145400,0.0064282771199941635
145500,0.004459180869162083
145600,0.008393039926886559
145700,0.005681168287992477
145800,0.005756056867539883
145900,0.03994952514767647
146000,0.004999066703021526
146100,0.003597566857933998
146200,0.013860604725778103
146300,0.007382079027593136
146400,0.00585376750677824
146500,0.03196391090750694
146600,0.004949487280100584
146700,0.005481922533363104
146800,0.005065096542239189
146900,0.00469624251127243
147000,0.004252599086612463
147100,0.06803087890148163
147200,0.004759238567203283
147300,0.004392669536173344
147400,0.0065765706822276115
147500,0.004948724061250687
147600,0.0019458127208054066
147700,0.0014090685872361064
147800,0.003931591287255287
147900,0.002740971278399229
148000,0.011242752894759178
148100,0.007156773470342159
148200,0.00438174232840538
148300,0.009505079127848148
148400,0.006678595673292875
148500,0.006019847001880407
148600,0.012870792299509048
148700,0.0025818930007517338
148800,0.0028323614969849586
148900,0.042680155485868454
149000,0.006834530271589756
149100,0.004567396827042103
149200,0.0022505142260342836
149300,0.0034647334832698107
149400,0.005504307337105274
149500,0.004651597701013088
149600,0.008972293697297573
149700,0.0028026809450238943
149800,0.021965589374303818
149900,0.002969879424199462
150000,0.004189220257103443
150100,0.007203699089586735
150200,0.005690460558980703
150300,0.006641906686127186
150400,0.006397586315870285
150500,0.009235157631337643
150600,0.003399998415261507
150700,0.01958923414349556
150800,0.004788863938301802
150900,0.010214362293481827
151000,0.004667206201702356
151100,0.004037598613649607
151200,0.015619207173585892
151300,0.003882216289639473
151400,0.0028742155991494656
151500,0.0038592005148530006
151600,0.0027885623276233673
151700,0.0070913564413785934
151800,0.003062716219574213
151900,0.004367808811366558
152000,0.004460776224732399
152100,0.0023831224534660578
152200,0.008551664650440216
152300,0.005048686638474464
152400,0.0028780121356248856
152500,0.0051081678830087185
152600,0.009997062385082245
152700,0.003888634964823723
152800,0.004583289381116629
152900,0.0031175073236227036
153000,0.002413703128695488
153100,0.007768805604428053
153200,0.0041226837784051895
153300,0.010153735987842083
153400,0.02673269435763359
153500,0.013155404478311539
153600,0.003071094863116741
153700,0.006265264004468918
153800,0.0032263249158859253
153900,0.0030404776334762573
154000,0.003376374952495098
154100,0.031056903302669525
154200,0.00670656468719244
154300,0.0033189645037055016
154400,0.002864172449335456
154500,0.004167939070612192
154600,0.004811516962945461
154700,0.0027465701568871737
154800,0.004669202957302332
154900,0.002705849939957261
155000,0.0023452129680663347
155100,0.02790769934654236
155200,0.003064607735723257
155300,0.003537914017215371
155400,0.02852683514356613
155500,0.004555370658636093
155600,0.0018802402773872018
155700,0.0037241459358483553
155800,0.003704492701217532
155900,0.007635376416146755
156000,0.08354200422763824
156100,0.004754255525767803
156200,0.008047417737543583
156300,0.005876658484339714
156400,0.005288827233016491
156500,0.0046950047835707664
156600,0.052273355424404144
156700,0.04766739532351494
156800,0.002261759713292122
156900,0.004031848162412643
157000,0.006173553876578808
157100,0.007053050212562084
157200,0.0030695076566189528
157300,0.004291051998734474
157400,0.0037736783269792795
157500,0.002563412766903639
157600,0.002787373960018158
157700,0.005068163387477398
157800,0.022744791582226753
157900,0.0045124804601073265
158000,0.007974865846335888
158100,0.004178495611995459
158200,0.008250972256064415
158300,0.006541198119521141
158400,0.0034091274719685316
158500,0.0034146327525377274
158600,0.009131788276135921
158700,0.00898038037121296
158800,0.0039046197198331356
158900,0.003137851832434535
159000,0.0025857335422188044
159100,0.0033011739142239094
159200,0.0038527122233062983
159300,0.0028599915094673634
159400,0.004877126310020685
159500,0.017348388209939003
159600,0.004644954577088356
159700,0.014820904470980167
159800,0.008385333232581615
159900,0.012163016945123672
160000,0.0051198964938521385
160100,0.0032633766531944275
160200,0.004565938375890255
160300,0.0036798506043851376
160400,0.004498593509197235
160500,0.006380509119480848
160600,0.0019990038126707077
160700,0.010800844989717007
160800,0.014456499367952347
160900,0.0047433157451450825
161000,0.0034850388765335083
161100,0.007873550988733768
161200,0.0026598614640533924
161300,0.0037560483906418085
161400,0.003324229270219803
161500,0.004540872760117054
161600,0.022892339155077934
161700,0.002392471767961979
161800,0.0024624879006296396
161900,0.002952219918370247
162000,0.003261417616158724
162100,0.006461455952376127
162200,0.0033928684424608946
162300,0.006228389218449593
162400,0.005979939363896847
162500,0.004190052393823862
162600,0.00545867532491684
162700,0.002826292999088764
162800,0.005976772867143154
162900,0.005863183178007603
163000,0.005562829785048962
163100,0.003157741855829954
163200,0.01663142256438732
163300,0.0042627169750630856
163400,0.0033844979479908943
163500,0.013320259749889374
163600,0.00419945502653718
163700,0.0024023759178817272
163800,0.006971798837184906
163900,0.006573219783604145
164000,0.021171336993575096
164100,0.004832667764276266
164200,0.005471336655318737
164300,0.0032295379787683487
164400,0.0041878861375153065
164500,0.008679075166583061
164600,0.002169796032831073
164700,0.00791600625962019
164800,0.003762937383726239
164900,0.0030564262997359037
165000,0.06858251988887787
165100,0.006987887434661388
165200,0.0032038851641118526
165300,0.005241481587290764
165400,0.004298557993024588
165500,0.0030595643911510706
165600,0.00499296560883522
165700,0.0051153297536075115
165800,0.010155541822314262
165900,0.0063002146780490875
166000,0.0914359912276268
166100,0.005951915867626667
166200,0.11324530839920044
166300,0.003408234566450119
166400,0.004442204721271992
166500,0.02699209563434124
166600,0.020027754828333855
166700,0.030167486518621445
166800,0.005523648578673601
166900,0.0076703536324203014
167000,0.006059069186449051
167100,0.0049576833844184875
167200,0.002661679871380329
167300,0.034732136875391006
167400,0.0037673923652619123
167500,0.006724491715431213
167600,0.004838141612708569
167700,0.004548094235360622
167800,0.0034275061916559935
167900,0.0019044748041778803
168000,0.006262817420065403
168100,0.03417769819498062
168200,0.010850475169718266
168300,0.0036599934101104736
168400,0.004415934905409813
168500,0.00366767356172204
168600,0.003842154983431101
168700,0.0022800001315772533
168800,0.003426882205531001
168900,0.0032966751605272293
169000,0.013216636143624783
169100,0.005433053709566593
169200,0.01158370915800333
169300,0.0030975223053246737
169400,0.00829506665468216
169500,0.0017332969000563025
169600,0.00840812548995018
169700,0.0027548382058739662
169800,0.003444521687924862
169900,0.0029085041023790836
170000,0.0035714616533368826
170100,0.00486565800383687
170200,0.0032913098111748695
170300,0.002176536712795496
170400,0.0021362153347581625
170500,0.006501501426100731
170600,0.027480993419885635
170700,0.005907274316996336
170800,0.005836983676999807
170900,0.025741878896951675
171000,0.018233928829431534
171100,0.005258812569081783
171200,0.004456145688891411
171300,0.0037740140687674284
171400,0.004267267882823944
171500,0.004733412526547909
171600,0.004954250063747168
171700,0.005623482167720795
171800,0.009312985464930534
171900,0.005006683990359306
172000,0.0030998375732451677
172100,0.01607925072312355
172200,0.002614198485389352
172300,0.006851499900221825
172400,0.0018322485266253352
172500,0.006321466527879238
172600,0.0074861785396933556
172700,0.012534883804619312
172800,0.00331540172919631
172900,0.008428681641817093
173000,0.00528330635279417
173100,0.004787029232829809
173200,0.0046557714231312275
173300,0.004460619296878576
173400,0.0032033477909862995
173500,0.002850940451025963
173600,0.0038348811212927103
173700,0.0038667554035782814
173800,0.0025744009763002396
173900,0.002191320061683655
174000,0.008359363302588463
174100,0.009762125089764595
174200,0.004138343036174774
174300,0.002351135713979602
174400,0.029927680268883705
174500,0.004188015125691891
174600,0.007171168923377991
174700,0.0062522320076823235
174800,0.0031453967094421387
174900,0.005684288684278727
175000,0.005415214691311121
175100,0.003953249659389257
175200,0.007806736975908279
175300,0.002146382350474596
175400,0.005217517726123333
175500,0.0035942853428423405
175600,0.004073428921401501
175700,0.0028158638160675764
175800,0.002097927965223789
175900,0.0047330898232758045
176000,0.006154275499284267
176100,0.007857673801481724
176200,0.004467709921300411
176300,0.020534584298729897
176400,0.007151341997087002
176500,0.0036108791828155518
176600,0.009733157232403755
176700,0.006871551740914583
176800,0.004934251308441162
176900,0.0025042358320206404
177000,0.004637911915779114
177100,0.00893905945122242
177200,0.010933855548501015
177300,0.003050901461392641
177400,0.003503600135445595
177500,0.00466524250805378
177600,0.005940054077655077
177700,0.008982157334685326
177800,0.0029808389954268932
177900,0.04544750601053238
178000,0.0034928093664348125
178100,0.005488415248692036
178200,0.005554930306971073
178300,0.005138844717293978
178400,0.0038438024930655956
178500,0.0031625309493392706
178600,0.0030971928499639034
178700,0.0027573793195188046
178800,0.004059874452650547
178900,0.0021760284435003996
179000,0.004300241824239492
179100,0.0032868741545826197
179200,0.0058267670683562756
179300,0.004940241575241089
179400,0.009079593233764172
179500,0.003869607113301754
179600,0.006223057396709919
179700,0.004559731110930443
179800,0.002236451953649521
179900,0.008344508707523346
180000,0.0022914474830031395
180100,0.019061652943491936
180200,0.004938055761158466
180300,0.004036797676235437
180400,0.021780721843242645
180500,0.0043159471824765205
180600,0.0037259540986269712
180700,0.0035562440752983093
180800,0.009498527273535728
180900,0.0027892147190868855
181000,0.006805867422372103
181100,0.009440528228878975
181200,0.0030243508517742157
181300,0.0031916541047394276
181400,0.0038452588487416506
181500,0.0047884657979011536
181600,0.0027763405814766884
181700,0.004465876612812281
181800,0.00470943097025156
181900,0.0037653574254363775
182000,0.004414677154272795
182100,0.004548166878521442
182200,0.006619560997933149
182300,0.007141138892620802
182400,0.007979062385857105
182500,0.0032421662472188473
182600,0.003240640740841627
182700,0.0025702761486172676
182800,0.008705266751348972
182900,0.00494744535535574
183000,0.0036944998428225517
183100,0.006888050585985184
183200,0.014697445556521416
183300,0.005194830242544413
183400,0.003385915420949459
183500,0.004104770254343748
183600,0.0065490612760186195
183700,0.017766190692782402
183800,0.0029849624261260033
183900,0.003338444512337446
184000,0.0038401498459279537
184100,0.00306687131524086
184200,0.006677719298750162
184300,0.003131431993097067
184400,0.010235713794827461
184500,0.0036691376008093357
184600,0.004720564465969801
184700,0.004794172942638397
184800,0.003924822434782982
184900,0.003845939412713051
185000,0.003228049725294113
185100,0.011482234112918377
185200,0.0021428626496344805
185300,0.0022222090046852827
185400,0.0022709090262651443
185500,0.004819367080926895
185600,0.003447867464274168
185700,0.006316333077847958
185800,0.0021047694608569145
185900,0.00480254739522934
186000,0.009671179577708244
186100,0.003693541744723916
186200,0.008842205628752708
186300,0.004822532646358013
186400,0.0067499540746212006
186500,0.008212516084313393
186600,0.004630743525922298
186700,0.00429227389395237
186800,0.0034381295554339886
186900,0.03704268857836723
187000,0.016138143837451935
187100,0.011332092806696892
187200,0.004427339881658554
187300,0.0025199088267982006
187400,0.004333059303462505
187500,0.005113375373184681
187600,0.0039750379510223866
187700,0.003468131646513939
187800,0.0026754189748317003
187900,0.004274484235793352
188000,0.003613544162362814
188100,0.009467252530157566
188200,0.003592830151319504
188300,0.06003890931606293
188400,0.004383591003715992
188500,0.00797208957374096
188600,0.003628936829045415
188700,0.0043595279566943645
188800,0.003391031175851822
188900,0.0024764463305473328
189000,0.01618395932018757
189100,0.00295790983363986
189200,0.004994552582502365
189300,0.003604449098929763
189400,0.0033978410065174103
189500,0.002792098093777895
189600,0.00525903794914484
189700,0.0030213487334549427
189800,0.0035467976704239845
189900,0.004374589305371046
190000,0.0036643112543970346
190100,0.009280362166464329
190200,0.009751963429152966
190300,0.004428633023053408
190400,0.052427999675273895
190500,0.002977452240884304
190600,0.004535727668553591
190700,0.004475136753171682
190800,0.0046018934808671474
190900,0.010762317106127739
191000,0.0051768263801932335
191100,0.003941050264984369
191200,0.0031697163358330727
191300,0.005594534799456596
191400,0.003095953492447734
191500,0.0033665115479379892
191600,0.002791809383779764
191700,0.0028665680438280106
191800,0.00436366256326437
191900,0.0033566406928002834
192000,0.0027028133627027273
192100,0.001927978009916842
192200,0.0055380286648869514
192300,0.0055825477465987206
192400,0.005012824200093746
192500,0.003668795805424452
192600,0.002176427748054266
192700,0.001700865221209824
192800,0.0041328901425004005
192900,0.0064836423844099045
193000,0.007921784184873104
193100,0.01535821333527565
193200,0.008253662846982479
193300,0.01025173906236887
193400,0.003544809063896537
193500,0.005575203336775303
193600,0.01553068682551384
193700,0.0034654359333217144
193800,0.004822872579097748
193900,0.0025987073313444853
194000,0.01872372440993786
194100,0.0029655536636710167
194200,0.07032510638237
194300,0.06182536110281944
194400,0.004292730707675219
194500,0.003622753545641899
194600,0.013956601731479168
194700,0.006976077798753977
194800,0.0021375692449510098
194900,0.002528095617890358
195000,0.004434304777532816
195100,0.01430126279592514
195200,0.013137919828295708
195300,0.0035814959555864334
195400,0.005762447603046894
195500,0.00866872537881136
195600,0.01077050156891346
195700,0.002738028299063444
195800,0.002916995668783784
195900,0.00457779923453927
196000,0.004002348519861698
196100,0.0024282033555209637
196200,0.002935269149020314
196300,0.005418355111032724
196400,0.0023851206060498953
196500,0.002638137899339199
196600,0.006684836465865374
196700,0.0037476401776075363
196800,0.021014317870140076
196900,0.003097032429650426
197000,0.028093496337532997
197100,0.006256298162043095
197200,0.003042220836505294
197300,0.004248940385878086
197400,0.039080485701560974
197500,0.05818798393011093
197600,0.004222058691084385
197700,0.0038653381634503603
197800,0.002551622223109007
197900,0.005401673726737499
198000,0.00454251654446125
198100,0.003061753697693348
198200,0.0069600376300513744
198300,0.003404136747121811
198400,0.004626620095223188
198500,0.006266426760703325
198600,0.007409157231450081
198700,0.005567657761275768
198800,0.011253604665398598
198900,0.0033951455261558294
199000,0.008741375058889389
199100,0.0029706088826060295
199200,0.018629737198352814
199300,0.005587638355791569
199400,0.005941492505371571
199500,0.002648386172950268
199600,0.0053356969729065895
199700,0.004178511444479227
199800,0.004003257490694523
199900,0.004189225845038891
200000,0.0036219714675098658
200100,0.058994922786951065
200200,0.002756137168034911
200300,0.004025363828986883
200400,0.0063408417627215385
200500,0.004913373850286007
200600,0.0046607754193246365
200700,0.003334581619128585
200800,0.00431618420407176
200900,0.003500408958643675
201000,0.00696749659255147
201100,0.006289567798376083
201200,0.0037496602162718773
201300,0.009700248017907143
201400,0.002888500690460205
201500,0.08915288001298904
201600,0.00542278541252017
201700,0.0030273906886577606
201800,0.0028818268328905106
201900,0.002958856523036957
202000,0.003565439023077488
202100,0.0033973988611251116
202200,0.005000561010092497
202300,0.0071087125688791275
202400,0.003229705849662423
202500,0.00558081641793251
202600,0.005161873064935207
202700,0.005050803534686565
202800,0.0029324633069336414
202900,0.006218550726771355
203000,0.002665822859853506
203100,0.0034450723323971033
203200,0.004505375865846872
203300,0.0061544799245893955
203400,0.0025037378072738647
203500,0.002655802760273218
203600,0.0017724409699440002
203700,0.00564398942515254
203800,0.0037004132755100727
203900,0.0038038333877921104
204000,0.005131913814693689
204100,0.006243044510483742
204200,0.004197247326374054
204300,0.006894269026815891
204400,0.0027266410179436207
204500,0.00267444527707994
204600,0.0039037074893712997
204700,0.004105112981051207
204800,0.004401671700179577
204900,0.003767842659726739
205000,0.005826341453939676
205100,0.004101799335330725
205200,0.006078322418034077
205300,0.0075777797028422356
205400,0.0032048081047832966
205500,0.0020548731554299593
205600,0.0018035001121461391
205700,0.002653287723660469
205800,0.004573160782456398
205900,0.006514525040984154
206000,0.011075204238295555
206100,0.0029271692037582397
206200,0.0038530610036104918
206300,0.004857052117586136
206400,0.010618608444929123
206500,0.0017820592038333416
206600,0.0045314510352909565
206700,0.006992199458181858
206800,0.004024898633360863
206900,0.003968703094869852
207000,0.01803191378712654
207100,0.0032821856439113617
207200,0.004294037818908691
207300,0.004873728845268488
207400,0.011121362447738647
207500,0.00399000383913517
207600,0.005259455181658268
207700,0.05735201761126518
207800,0.0028448160737752914
207900,0.0031665069982409477
208000,0.00314851151779294
208100,0.0035175380762666464
208200,0.0023998431861400604
208300,0.005881866440176964
208400,0.004362325184047222
208500,0.00897521898150444
208600,0.004555846098810434
208700,0.008559010922908783
208800,0.009919490665197372
208900,0.0039031687192618847
209000,0.002670807298272848
209100,0.002614108379930258
209200,0.004174387082457542
209300,0.006359055172652006
209400,0.00603456562384963
209500,0.004154582507908344
209600,0.003617655485868454
209700,0.020679334178566933
209800,0.0036078360863029957
209900,0.0025818287394940853
210000,0.0032577477395534515
210100,0.005032091401517391
210200,0.009094524197280407
210300,0.004018611740320921
210400,0.004444667603820562
210500,0.005201003048568964
210600,0.005213518161326647
210700,0.0034312307834625244
210800,0.00620281184092164
210900,0.004734732210636139
211000,0.006226075813174248
211100,0.0027867392636835575
211200,0.003927570302039385
211300,0.034776389598846436
211400,0.006145683582872152
211500,0.002890643198043108
211600,0.015226121991872787
211700,0.0034926068037748337
211800,0.01098325289785862
211900,0.002399210352450609
212000,0.0034238258376717567
212100,0.003520340658724308
212200,0.002399771474301815
212300,0.0035750772804021835
212400,0.004898622632026672
212500,0.006076110526919365
212600,0.0038877332117408514
212700,0.0026988640893250704
212800,0.004216357134282589
212900,0.006061594467610121
213000,0.005474982317537069
213100,0.004329478368163109
213200,0.0053865015506744385
213300,0.0033366805873811245
213400,0.012926788069307804
213500,0.005620686337351799
213600,0.0026510965544730425
213700,0.0026000540237873793
213800,0.0056279562413692474
213900,0.003531498834490776
214000,0.00487141776829958
214100,0.0038956189528107643
214200,0.006187192630022764
214300,0.006041262298822403
214400,0.0031345130410045385
214500,0.003449202748015523
214600,0.002465210622176528
214700,0.0035072569735348225
214800,0.003643420524895191
214900,0.0024867469910532236
215000,0.003149620955809951
215100,0.0036682391073554754
215200,0.006170068401843309
215300,0.012590968981385231
215400,0.003242404665797949
215500,0.003110774327069521
215600,0.006754073780030012
215700,0.003537178970873356
215800,0.015805048868060112
215900,0.007635295856744051
216000,0.006192825734615326
216100,0.019087502732872963
216200,0.00711665116250515
216300,0.00327545078471303
216400,0.00431510154157877
216500,0.0022681013215333223
216600,0.0034449584782123566
216700,0.003486800007522106
216800,0.012376243248581886
216900,0.006569989025592804
217000,0.004775552079081535
217100,0.004478739574551582
217200,0.0030823443084955215
217300,0.003033410757780075
217400,0.0022285780869424343
217500,0.0026294984854757786
217600,0.0036893493961542845
217700,0.004429829306900501
217800,0.002448971616104245
217900,0.005680631380528212
218000,0.0026931711472570896
218100,0.006057302001863718
218200,0.0025415802374482155
218300,0.006679698824882507
218400,0.007703006733208895
218500,0.006862401496618986
218600,0.003646173747256398
218700,0.002889541909098625
218800,0.014136997051537037
218900,0.0024436847306787968
219000,0.0029039564542472363
219100,0.03442327305674553
219200,0.003778615966439247
219300,0.0037688103038817644
219400,0.0043743569403886795
219500,0.0032919878140091896
219600,0.027966171503067017
219700,0.005575741641223431
219800,0.005003687459975481
219900,0.002331237308681011
220000,0.009536441415548325
220100,0.0030386741273105145
220200,0.006927363574504852
220300,0.005902931094169617
220400,0.009919806383550167
220500,0.004934984724968672
220600,0.0059729693457484245
220700,0.004642050713300705
220800,0.006342405918985605
220900,0.003714478574693203
221000,0.02354699932038784
221100,0.01248578168451786
221200,0.002618467202410102
221300,0.003884026315063238
221400,0.0030630002729594707
221500,0.008463827893137932
221600,0.003215605393052101
221700,0.008106555789709091
221800,0.0053237490355968475
221900,0.0024214833974838257
222000,0.005327620543539524
222100,0.00774239981546998
222200,0.0035590650513768196
222300,0.003959108144044876
222400,0.004243951290845871
222500,0.004393161740154028
222600,0.004882468841969967
222700,0.02309441938996315
222800,0.012838419526815414
222900,0.002918254816904664
223000,0.0035920978989452124
223100,0.0038940480444580317
223200,0.0042257122695446014
223300,0.004307636991143227
223400,0.007705535739660263
223500,0.005630875006318092
223600,0.012244758196175098
223700,0.006001034285873175
223800,0.003346698358654976
223900,0.0021822801791131496
224000,0.00650827307254076
224100,0.004801476374268532
224200,0.00402034493163228
224300,0.02769932523369789
224400,0.019300829619169235
224500,0.006619018502533436
224600,0.0034934652503579855
224700,0.0020333798602223396
224800,0.00380223267711699
224900,0.01046647410839796
225000,0.008775495924055576
225100,0.0039312466979026794
225200,0.006043668836355209
225300,0.004256277345120907
225400,0.005079605150967836
225500,0.008747235871851444
225600,0.0021352767944335938
225700,0.006766683422029018
225800,0.0067622121423482895
225900,0.005272160284221172
226000,0.003045210149139166
226100,0.01259419322013855
226200,0.006496204994618893
226300,0.022389531135559082
226400,0.004534764681011438
226500,0.03326242044568062
226600,0.009947625920176506
226700,0.0038499555084854364
226800,0.003212845418602228
226900,0.0033704384695738554
227000,0.006885647773742676
227100,0.004154319874942303
227200,0.0081517668440938
227300,0.003527054563164711
227400,0.0032042963430285454
227500,0.003535892814397812
227600,0.004107442684471607
227700,0.0022313157096505165
227800,0.010382922366261482
227900,0.0045652734115719795
228000,0.0074422284960746765
228100,0.004757362883538008
228200,0.0028830557130277157
228300,0.003912605345249176
228400,0.003656446235254407
228500,0.005147488787770271
228600,0.002790668047964573
228700,0.0019958983175456524
228800,0.004983764607459307
228900,0.007154018618166447
229000,0.08538037538528442
229100,0.00779347401112318
229200,0.004424847662448883
229300,0.007327040191739798
229400,0.004337837919592857
229500,0.011600926518440247
229600,0.003513833973556757
229700,0.0032058150973170996
229800,0.011111597530543804
229900,0.005649816244840622
230000,0.00502369087189436
230100,0.02676643431186676
230200,0.006775388028472662
230300,0.011644133366644382
230400,0.005110685247927904
230500,0.002177874557673931
230600,0.005638808012008667
230700,0.06551697850227356
230800,0.0035773119889199734
230900,0.002915884368121624
231000,0.005995496176183224
231100,0.002393691800534725
231200,0.004606110975146294
231300,0.009882373735308647
231400,0.009125265292823315
231500,0.009581083431839943
231600,0.003587764222174883
231700,0.011889025568962097
231800,0.014704985544085503
231900,0.00649778638035059
232000,0.004989746492356062
232100,0.00547583494335413
232200,0.0026928416918963194
232300,0.0190249215811491
232400,0.005389131139963865
232500,0.013903312385082245
232600,0.0035156547091901302
232700,0.01990078017115593
232800,0.005513670854270458
232900,0.006030830554664135
233000,0.004000396933406591
233100,0.00423098262399435
233200,0.005004290957003832
233300,0.027284810319542885
233400,0.005540401674807072
233500,0.00462825782597065
233600,0.004579394124448299
233700,0.0032983587589114904
233800,0.002806377597153187
233900,0.010886946693062782
234000,0.003934751730412245
234100,0.007729603908956051
234200,0.007982579991221428
234300,0.016381708905100822
234400,0.010849900543689728
234500,0.0029741814360022545
234600,0.005677969194948673
234700,0.002724925521761179
234800,0.0025006590876728296
234900,0.004268859978765249
235000,0.004277718253433704
235100,0.0060987165197730064
235200,0.02665601670742035
235300,0.0025968255940824747
235400,0.003890563268214464
235500,0.005029699765145779
235600,0.006157900206744671
235700,0.003372796345502138
235800,0.0040372395887970924
235900,0.010016602464020252
236000,0.008184028789401054
236100,0.009458007290959358
236200,0.003716969396919012
236300,0.010850923135876656
236400,0.004850433208048344
236500,0.07627135515213013
236600,0.0018455940298736095
236700,0.0042068203911185265
236800,0.00675426609814167
236900,0.0027391924522817135
237000,0.004289701581001282
237100,0.001983288209885359
237200,0.003481242572888732
237300,0.0037544104270637035
237400,0.0025705955922603607
237500,0.0026497021317481995
237600,0.003032723907381296
237700,0.07490787655115128
237800,0.005263129249215126
237900,0.0025927405804395676
238000,0.0033428464084863663
238100,0.0031337887048721313
238200,0.003312415676191449
238300,0.003586136968806386
238400,0.0029562111012637615
238500,0.0036767504643648863
238600,0.028204718604683876
238700,0.0033318379428237677
238800,0.007285639643669128
238900,0.005391929764300585
239000,0.0056167361326515675
239100,0.022239109501242638
239200,0.005855205003172159
239300,0.0029709236696362495
239400,0.006570364348590374
239500,0.0034270521719008684
239600,0.025034187361598015
239700,0.0073127225041389465
239800,0.007073621731251478
239900,0.002034952398389578
240000,0.003220316721126437
